"seed","Method","Delta","FDP","Power"
1,"Boost DS",7,0.0833333333333333,0.88
1,"Boost MS",7,0,0.88
1,"DataSplitting",7,0.148148148148148,0.92
1,"MultipleDataSplitting",7,0.0434782608695652,0.88
1,"Knockoff",7,0.178571428571429,0.92
1,"Benjamini–Hochberg (BH)",7,0,0.88
2,"Boost DS",7,0,0.72
2,"Boost MS",7,0,0.72
2,"DataSplitting",7,0.192307692307692,0.84
2,"MultipleDataSplitting",7,0.0434782608695652,0.88
2,"Knockoff",7,0.125,0.84
2,"Benjamini–Hochberg (BH)",7,0,0.76
3,"Boost DS",7,0.142857142857143,0.72
3,"Boost MS",7,0.166666666666667,0.8
3,"DataSplitting",7,0.115384615384615,0.92
3,"MultipleDataSplitting",7,0,0.84
3,"Knockoff",7,0.0416666666666667,0.92
3,"Benjamini–Hochberg (BH)",7,0,0.8
4,"Boost DS",7,0.125,0.84
4,"Boost MS",7,0,0.88
4,"DataSplitting",7,0.0416666666666667,0.92
4,"MultipleDataSplitting",7,0,0.88
4,"Knockoff",7,0.0416666666666667,0.92
4,"Benjamini–Hochberg (BH)",7,0,0.88
5,"Boost DS",7,0.0526315789473684,0.72
5,"Boost MS",7,0,0.72
5,"DataSplitting",7,0.0476190476190476,0.8
5,"MultipleDataSplitting",7,0,0.76
5,"Knockoff",7,0,0.8
5,"Benjamini–Hochberg (BH)",7,0,0.8
6,"Boost DS",7,0.130434782608696,0.8
6,"Boost MS",7,0,0.76
6,"DataSplitting",7,0,0.84
6,"MultipleDataSplitting",7,0.0454545454545455,0.84
6,"Knockoff",7,0.0434782608695652,0.88
6,"Benjamini–Hochberg (BH)",7,0,0.84
7,"Boost DS",7,0,0.72
7,"Boost MS",7,0,0.68
7,"DataSplitting",7,0.0952380952380952,0.76
7,"MultipleDataSplitting",7,0,0.76
7,"Knockoff",7,0.05,0.76
7,"Benjamini–Hochberg (BH)",7,0,0.76
8,"Boost DS",7,0.0476190476190476,0.8
8,"Boost MS",7,0,0.76
8,"DataSplitting",7,0.0833333333333333,0.88
8,"MultipleDataSplitting",7,0,0.84
8,"Knockoff",7,0.153846153846154,0.88
8,"Benjamini–Hochberg (BH)",7,0,0.84
9,"Boost DS",7,0.142857142857143,0.72
9,"Boost MS",7,0,0.72
9,"DataSplitting",7,0.05,0.76
9,"MultipleDataSplitting",7,0,0.8
9,"Knockoff",7,0,0.84
9,"Benjamini–Hochberg (BH)",7,0,0.76
10,"Boost DS",7,0.0454545454545455,0.84
10,"Boost MS",7,0,0.8
10,"DataSplitting",7,0.115384615384615,0.92
10,"MultipleDataSplitting",7,0,0.92
10,"Knockoff",7,0.12,0.88
10,"Benjamini–Hochberg (BH)",7,0,0.84
11,"Boost DS",7,0.173913043478261,0.76
11,"Boost MS",7,0,0.76
11,"DataSplitting",7,0,0.8
11,"MultipleDataSplitting",7,0.0454545454545455,0.84
11,"Knockoff",7,0.192307692307692,0.84
11,"Benjamini–Hochberg (BH)",7,0,0.76
12,"Boost DS",7,0,0.56
12,"Boost MS",7,0,0.6
12,"DataSplitting",7,0,0.6
12,"MultipleDataSplitting",7,0,0.56
12,"Knockoff",7,0.111111111111111,0.64
12,"Benjamini–Hochberg (BH)",7,0,0.6
13,"Boost DS",7,0.0833333333333333,0.88
13,"Boost MS",7,0,0.92
13,"DataSplitting",7,0.04,0.96
13,"MultipleDataSplitting",7,0,0.88
13,"Knockoff",7,0.04,0.96
13,"Benjamini–Hochberg (BH)",7,0,0.96
14,"Boost DS",7,0.130434782608696,0.8
14,"Boost MS",7,0.178571428571429,0.92
14,"DataSplitting",7,0,0.96
14,"MultipleDataSplitting",7,0,0.96
14,"Knockoff",7,0.04,0.96
14,"Benjamini–Hochberg (BH)",7,0,0.96
15,"Boost DS",7,0,0.84
15,"Boost MS",7,0.178571428571429,0.92
15,"DataSplitting",7,0.115384615384615,0.92
15,"MultipleDataSplitting",7,0,0.88
15,"Knockoff",7,0,0.92
15,"Benjamini–Hochberg (BH)",7,0,0.92
16,"Boost DS",7,0.153846153846154,0.88
16,"Boost MS",7,0.08,0.92
16,"DataSplitting",7,0.233333333333333,0.92
16,"MultipleDataSplitting",7,0.0416666666666667,0.92
16,"Knockoff",7,0.0416666666666667,0.92
16,"Benjamini–Hochberg (BH)",7,0,0.92
17,"Boost DS",7,0.05,0.76
17,"Boost MS",7,0,0.84
17,"DataSplitting",7,0,0.84
17,"MultipleDataSplitting",7,0.115384615384615,0.92
17,"Knockoff",7,0.0434782608695652,0.88
17,"Benjamini–Hochberg (BH)",7,0,0.88
18,"Boost DS",7,0.0526315789473684,0.72
18,"Boost MS",7,0,0.76
18,"DataSplitting",7,0.136363636363636,0.76
18,"MultipleDataSplitting",7,0.05,0.76
18,"Knockoff",7,0,0.76
18,"Benjamini–Hochberg (BH)",7,0,0.72
19,"Boost DS",7,0.130434782608696,0.8
19,"Boost MS",7,0.125,0.84
19,"DataSplitting",7,0.111111111111111,0.96
19,"MultipleDataSplitting",7,0.0454545454545455,0.84
19,"Knockoff",7,0.0454545454545455,0.84
19,"Benjamini–Hochberg (BH)",7,0,0.8
20,"Boost DS",7,0.0526315789473684,0.72
20,"Boost MS",7,0,0.76
20,"DataSplitting",7,0,0.84
20,"MultipleDataSplitting",7,0,0.8
20,"Knockoff",7,0.0833333333333333,0.88
20,"Benjamini–Hochberg (BH)",7,0,0.84
21,"Boost DS",7,0.258064516129032,0.92
21,"Boost MS",7,0.206896551724138,0.92
21,"DataSplitting",7,0,0.96
21,"MultipleDataSplitting",7,0.04,0.96
21,"Knockoff",7,0.0769230769230769,0.96
21,"Benjamini–Hochberg (BH)",7,0,0.96
22,"Boost DS",7,0.0555555555555556,0.68
22,"Boost MS",7,0,0.64
22,"DataSplitting",7,0.136363636363636,0.76
22,"MultipleDataSplitting",7,0.0909090909090909,0.8
22,"Knockoff",7,0,0.8
22,"Benjamini–Hochberg (BH)",7,0,0.76
23,"Boost DS",7,0,0.68
23,"Boost MS",7,0,0.68
23,"DataSplitting",7,0.15,0.68
23,"MultipleDataSplitting",7,0.0555555555555556,0.68
23,"Knockoff",7,0.1,0.72
23,"Benjamini–Hochberg (BH)",7,0,0.68
24,"Boost DS",7,0.0952380952380952,0.76
24,"Boost MS",7,0,0.76
24,"DataSplitting",7,0.0869565217391304,0.84
24,"MultipleDataSplitting",7,0.0869565217391304,0.84
24,"Knockoff",7,0.125,0.84
24,"Benjamini–Hochberg (BH)",7,0,0.84
25,"Boost DS",7,0.05,0.76
25,"Boost MS",7,0,0.76
25,"DataSplitting",7,0.136363636363636,0.76
25,"MultipleDataSplitting",7,0,0.72
25,"Knockoff",7,0.05,0.76
25,"Benjamini–Hochberg (BH)",7,0,0.76
26,"Boost DS",7,0.173913043478261,0.76
26,"Boost MS",7,0,0.72
26,"DataSplitting",7,0.136363636363636,0.76
26,"MultipleDataSplitting",7,0.130434782608696,0.8
26,"Knockoff",7,0.0909090909090909,0.8
26,"Benjamini–Hochberg (BH)",7,0,0.76
27,"Boost DS",7,0.0454545454545455,0.84
27,"Boost MS",7,0,0.84
27,"DataSplitting",7,0.08,0.92
27,"MultipleDataSplitting",7,0.0416666666666667,0.92
27,"Knockoff",7,0.08,0.92
27,"Benjamini–Hochberg (BH)",7,0,0.92
28,"Boost DS",7,0.130434782608696,0.8
28,"Boost MS",7,0.173913043478261,0.76
28,"DataSplitting",7,0.12,0.88
28,"MultipleDataSplitting",7,0.0833333333333333,0.88
28,"Knockoff",7,0,0.84
28,"Benjamini–Hochberg (BH)",7,0,0.84
29,"Boost DS",7,0.0869565217391304,0.84
29,"Boost MS",7,0,0.84
29,"DataSplitting",7,0.0869565217391304,0.84
29,"MultipleDataSplitting",7,0,0.84
29,"Knockoff",7,0,0.84
29,"Benjamini–Hochberg (BH)",7,0,0.84
30,"Boost DS",7,0.130434782608696,0.8
30,"Boost MS",7,0,0.76
30,"DataSplitting",7,0.0476190476190476,0.8
30,"MultipleDataSplitting",7,0.12,0.88
30,"Knockoff",7,0.233333333333333,0.92
30,"Benjamini–Hochberg (BH)",7,0,0.84
31,"Boost DS",7,0,0.84
31,"Boost MS",7,0,0.88
31,"DataSplitting",7,0.0833333333333333,0.88
31,"MultipleDataSplitting",7,0,0.84
31,"Knockoff",7,0,0.88
31,"Benjamini–Hochberg (BH)",7,0,0.88
32,"Boost DS",7,0.05,0.76
32,"Boost MS",7,0,0.72
32,"DataSplitting",7,0,0.8
32,"MultipleDataSplitting",7,0.0909090909090909,0.8
32,"Knockoff",7,0.0869565217391304,0.84
32,"Benjamini–Hochberg (BH)",7,0,0.76
33,"Boost DS",7,0,0.68
33,"Boost MS",7,0.1,0.72
33,"DataSplitting",7,0.136363636363636,0.76
33,"MultipleDataSplitting",7,0,0.76
33,"Knockoff",7,0.136363636363636,0.76
33,"Benjamini–Hochberg (BH)",7,0,0.76
34,"Boost DS",7,0,0.72
34,"Boost MS",7,0,0.84
34,"DataSplitting",7,0.08,0.92
34,"MultipleDataSplitting",7,0.0434782608695652,0.88
34,"Knockoff",7,0.115384615384615,0.92
34,"Benjamini–Hochberg (BH)",7,0,0.84
35,"Boost DS",7,0.178571428571429,0.92
35,"Boost MS",7,0,0.96
35,"DataSplitting",7,0.272727272727273,0.96
35,"MultipleDataSplitting",7,0.0769230769230769,0.96
35,"Knockoff",7,0.04,0.96
35,"Benjamini–Hochberg (BH)",7,0,0.96
36,"Boost DS",7,0.192307692307692,0.84
36,"Boost MS",7,0,0.84
36,"DataSplitting",7,0,0.88
36,"MultipleDataSplitting",7,0,0.84
36,"Knockoff",7,0.115384615384615,0.92
36,"Benjamini–Hochberg (BH)",7,0,0.88
37,"Boost DS",7,0.0909090909090909,0.8
37,"Boost MS",7,0,0.84
37,"DataSplitting",7,0.0869565217391304,0.84
37,"MultipleDataSplitting",7,0.0454545454545455,0.84
37,"Knockoff",7,0.153846153846154,0.88
37,"Benjamini–Hochberg (BH)",7,0,0.84
38,"Boost DS",7,0.117647058823529,0.6
38,"Boost MS",7,0,0.8
38,"DataSplitting",7,0.0909090909090909,0.8
38,"MultipleDataSplitting",7,0.0476190476190476,0.8
38,"Knockoff",7,0.125,0.84
38,"Benjamini–Hochberg (BH)",7,0,0.8
39,"Boost DS",7,0.387096774193548,0.76
39,"Boost MS",7,0.208333333333333,0.76
39,"DataSplitting",7,0,0.8
39,"MultipleDataSplitting",7,0,0.8
39,"Knockoff",7,0.0909090909090909,0.8
39,"Benjamini–Hochberg (BH)",7,0,0.76
40,"Boost DS",7,0.0952380952380952,0.76
40,"Boost MS",7,0,0.8
40,"DataSplitting",7,0,0.84
40,"MultipleDataSplitting",7,0,0.8
40,"Knockoff",7,0,0.84
40,"Benjamini–Hochberg (BH)",7,0,0.84
41,"Boost DS",7,0,0.68
41,"Boost MS",7,0,0.8
41,"DataSplitting",7,0.0833333333333333,0.88
41,"MultipleDataSplitting",7,0,0.88
41,"Knockoff",7,0,0.88
41,"Benjamini–Hochberg (BH)",7,0,0.88
42,"Boost DS",7,0,0.68
42,"Boost MS",7,0,0.68
42,"DataSplitting",7,0.0476190476190476,0.8
42,"MultipleDataSplitting",7,0,0.76
42,"Knockoff",7,0.0454545454545455,0.84
42,"Benjamini–Hochberg (BH)",7,0,0.72
43,"Boost DS",7,0.0869565217391304,0.84
43,"Boost MS",7,0,0.84
43,"DataSplitting",7,0.04,0.96
43,"MultipleDataSplitting",7,0,0.88
43,"Knockoff",7,0.0769230769230769,0.96
43,"Benjamini–Hochberg (BH)",7,0,0.88
44,"Boost DS",7,0.0555555555555556,0.68
44,"Boost MS",7,0,0.72
44,"DataSplitting",7,0.125,0.84
44,"MultipleDataSplitting",7,0.0476190476190476,0.8
44,"Knockoff",7,0.0454545454545455,0.84
44,"Benjamini–Hochberg (BH)",7,0,0.76
45,"Boost DS",7,0,0.72
45,"Boost MS",7,0,0.72
45,"DataSplitting",7,0,0.88
45,"MultipleDataSplitting",7,0,0.84
45,"Knockoff",7,0.0434782608695652,0.88
45,"Benjamini–Hochberg (BH)",7,0,0.8
46,"Boost DS",7,0.0454545454545455,0.84
46,"Boost MS",7,0,0.76
46,"DataSplitting",7,0.0833333333333333,0.88
46,"MultipleDataSplitting",7,0,0.84
46,"Knockoff",7,0,0.88
46,"Benjamini–Hochberg (BH)",7,0,0.84
47,"Boost DS",7,0.1,0.72
47,"Boost MS",7,0,0.76
47,"DataSplitting",7,0,0.84
47,"MultipleDataSplitting",7,0,0.76
47,"Knockoff",7,0,0.8
47,"Benjamini–Hochberg (BH)",7,0,0.8
48,"Boost DS",7,0.290322580645161,0.88
48,"Boost MS",7,0.0434782608695652,0.88
48,"DataSplitting",7,0.0416666666666667,0.92
48,"MultipleDataSplitting",7,0,0.88
48,"Knockoff",7,0.148148148148148,0.92
48,"Benjamini–Hochberg (BH)",7,0,0.92
49,"Boost DS",7,0.181818181818182,0.72
49,"Boost MS",7,0.2,0.8
49,"DataSplitting",7,0,0.76
49,"MultipleDataSplitting",7,0,0.84
49,"Knockoff",7,0.0454545454545455,0.84
49,"Benjamini–Hochberg (BH)",7,0,0.8
50,"Boost DS",7,0.0476190476190476,0.8
50,"Boost MS",7,0.192307692307692,0.84
50,"DataSplitting",7,0.0416666666666667,0.92
50,"MultipleDataSplitting",7,0,0.88
50,"Knockoff",7,0.0416666666666667,0.92
50,"Benjamini–Hochberg (BH)",7,0,0.84
1,"Boost DS",8,0.0833333333333333,0.88
1,"Boost MS",8,0,0.88
1,"DataSplitting",8,0.115384615384615,0.92
1,"MultipleDataSplitting",8,0,0.92
1,"Knockoff",8,0.178571428571429,0.92
1,"Benjamini–Hochberg (BH)",8,0,0.88
2,"Boost DS",8,0,0.72
2,"Boost MS",8,0,0.72
2,"DataSplitting",8,0.12,0.88
2,"MultipleDataSplitting",8,0,0.88
2,"Knockoff",8,0.12,0.88
2,"Benjamini–Hochberg (BH)",8,0,0.76
3,"Boost DS",8,0.130434782608696,0.8
3,"Boost MS",8,0.125,0.84
3,"DataSplitting",8,0.115384615384615,0.92
3,"MultipleDataSplitting",8,0,0.88
3,"Knockoff",8,0.0416666666666667,0.92
3,"Benjamini–Hochberg (BH)",8,0,0.84
4,"Boost DS",8,0.125,0.84
4,"Boost MS",8,0,0.88
4,"DataSplitting",8,0.0416666666666667,0.92
4,"MultipleDataSplitting",8,0,0.92
4,"Knockoff",8,0.0416666666666667,0.92
4,"Benjamini–Hochberg (BH)",8,0,0.88
5,"Boost DS",8,0.05,0.76
5,"Boost MS",8,0,0.76
5,"DataSplitting",8,0.0476190476190476,0.8
5,"MultipleDataSplitting",8,0,0.8
5,"Knockoff",8,0,0.8
5,"Benjamini–Hochberg (BH)",8,0,0.8
6,"Boost DS",8,0.130434782608696,0.8
6,"Boost MS",8,0,0.8
6,"DataSplitting",8,0,0.88
6,"MultipleDataSplitting",8,0.0454545454545455,0.84
6,"Knockoff",8,0.0434782608695652,0.88
6,"Benjamini–Hochberg (BH)",8,0,0.88
7,"Boost DS",8,0,0.76
7,"Boost MS",8,0,0.72
7,"DataSplitting",8,0.0952380952380952,0.76
7,"MultipleDataSplitting",8,0,0.76
7,"Knockoff",8,0.05,0.76
7,"Benjamini–Hochberg (BH)",8,0,0.76
8,"Boost DS",8,0.0476190476190476,0.8
8,"Boost MS",8,0,0.8
8,"DataSplitting",8,0.0833333333333333,0.88
8,"MultipleDataSplitting",8,0,0.84
8,"Knockoff",8,0.153846153846154,0.88
8,"Benjamini–Hochberg (BH)",8,0,0.88
9,"Boost DS",8,0.1,0.72
9,"Boost MS",8,0,0.76
9,"DataSplitting",8,0.0476190476190476,0.8
9,"MultipleDataSplitting",8,0,0.8
9,"Knockoff",8,0,0.84
9,"Benjamini–Hochberg (BH)",8,0,0.8
10,"Boost DS",8,0.0454545454545455,0.84
10,"Boost MS",8,0,0.8
10,"DataSplitting",8,0.04,0.96
10,"MultipleDataSplitting",8,0,0.92
10,"Knockoff",8,0.111111111111111,0.96
10,"Benjamini–Hochberg (BH)",8,0,0.84
11,"Boost DS",8,0.166666666666667,0.8
11,"Boost MS",8,0,0.76
11,"DataSplitting",8,0,0.84
11,"MultipleDataSplitting",8,0.0454545454545455,0.84
11,"Knockoff",8,0.185185185185185,0.88
11,"Benjamini–Hochberg (BH)",8,0,0.76
12,"Boost DS",8,0,0.56
12,"Boost MS",8,0,0.56
12,"DataSplitting",8,0,0.6
12,"MultipleDataSplitting",8,0,0.6
12,"Knockoff",8,0.1,0.72
12,"Benjamini–Hochberg (BH)",8,0,0.6
13,"Boost DS",8,0.0434782608695652,0.88
13,"Boost MS",8,0,0.92
13,"DataSplitting",8,0.0740740740740741,1
13,"MultipleDataSplitting",8,0,0.92
13,"Knockoff",8,0.04,0.96
13,"Benjamini–Hochberg (BH)",8,0,0.96
14,"Boost DS",8,0.233333333333333,0.92
14,"Boost MS",8,0.172413793103448,0.96
14,"DataSplitting",8,0,0.96
14,"MultipleDataSplitting",8,0,0.96
14,"Knockoff",8,0.04,0.96
14,"Benjamini–Hochberg (BH)",8,0,0.96
15,"Boost DS",8,0,0.84
15,"Boost MS",8,0,0.92
15,"DataSplitting",8,0.115384615384615,0.92
15,"MultipleDataSplitting",8,0,0.92
15,"Knockoff",8,0,0.96
15,"Benjamini–Hochberg (BH)",8,0,0.92
16,"Boost DS",8,0.153846153846154,0.88
16,"Boost MS",8,0,0.92
16,"DataSplitting",8,0.0416666666666667,0.92
16,"MultipleDataSplitting",8,0,0.92
16,"Knockoff",8,0.0416666666666667,0.92
16,"Benjamini–Hochberg (BH)",8,0,0.92
17,"Boost DS",8,0.05,0.76
17,"Boost MS",8,0,0.84
17,"DataSplitting",8,0,0.92
17,"MultipleDataSplitting",8,0.08,0.92
17,"Knockoff",8,0.0416666666666667,0.92
17,"Benjamini–Hochberg (BH)",8,0,0.88
18,"Boost DS",8,0,0.72
18,"Boost MS",8,0.0952380952380952,0.76
18,"DataSplitting",8,0.0454545454545455,0.84
18,"MultipleDataSplitting",8,0.0476190476190476,0.8
18,"Knockoff",8,0,0.8
18,"Benjamini–Hochberg (BH)",8,0,0.76
19,"Boost DS",8,0.125,0.84
19,"Boost MS",8,0.0454545454545455,0.84
19,"DataSplitting",8,0.111111111111111,0.96
19,"MultipleDataSplitting",8,0.0416666666666667,0.92
19,"Knockoff",8,0.04,0.96
19,"Benjamini–Hochberg (BH)",8,0,0.84
20,"Boost DS",8,0.05,0.76
20,"Boost MS",8,0,0.76
20,"DataSplitting",8,0,0.88
20,"MultipleDataSplitting",8,0,0.84
20,"Knockoff",8,0.0833333333333333,0.88
20,"Benjamini–Hochberg (BH)",8,0,0.84
21,"Boost DS",8,0.258064516129032,0.92
21,"Boost MS",8,0.25,0.96
21,"DataSplitting",8,0.04,0.96
21,"MultipleDataSplitting",8,0.04,0.96
21,"Knockoff",8,0.0769230769230769,0.96
21,"Benjamini–Hochberg (BH)",8,0,0.96
22,"Boost DS",8,0.05,0.76
22,"Boost MS",8,0,0.68
22,"DataSplitting",8,0.125,0.84
22,"MultipleDataSplitting",8,0.0833333333333333,0.88
22,"Knockoff",8,0,0.88
22,"Benjamini–Hochberg (BH)",8,0,0.8
23,"Boost DS",8,0,0.68
23,"Boost MS",8,0,0.68
23,"DataSplitting",8,0.0952380952380952,0.76
23,"MultipleDataSplitting",8,0,0.72
23,"Knockoff",8,0.1,0.72
23,"Benjamini–Hochberg (BH)",8,0,0.68
24,"Boost DS",8,0.166666666666667,0.8
24,"Boost MS",8,0.0476190476190476,0.8
24,"DataSplitting",8,0.0833333333333333,0.88
24,"MultipleDataSplitting",8,0.125,0.84
24,"Knockoff",8,0.125,0.84
24,"Benjamini–Hochberg (BH)",8,0,0.84
25,"Boost DS",8,0.05,0.76
25,"Boost MS",8,0.05,0.76
25,"DataSplitting",8,0.136363636363636,0.76
25,"MultipleDataSplitting",8,0,0.76
25,"Knockoff",8,0.05,0.76
25,"Benjamini–Hochberg (BH)",8,0,0.76
26,"Boost DS",8,0.208333333333333,0.76
26,"Boost MS",8,0,0.76
26,"DataSplitting",8,0.125,0.84
26,"MultipleDataSplitting",8,0.0869565217391304,0.84
26,"Knockoff",8,0.0869565217391304,0.84
26,"Benjamini–Hochberg (BH)",8,0,0.76
27,"Boost DS",8,0.0434782608695652,0.88
27,"Boost MS",8,0,0.88
27,"DataSplitting",8,0.08,0.92
27,"MultipleDataSplitting",8,0.0416666666666667,0.92
27,"Knockoff",8,0.08,0.92
27,"Benjamini–Hochberg (BH)",8,0,0.92
28,"Boost DS",8,0.130434782608696,0.8
28,"Boost MS",8,0.0833333333333333,0.88
28,"DataSplitting",8,0.115384615384615,0.92
28,"MultipleDataSplitting",8,0.0416666666666667,0.92
28,"Knockoff",8,0,0.92
28,"Benjamini–Hochberg (BH)",8,0,0.84
29,"Boost DS",8,0.0869565217391304,0.84
29,"Boost MS",8,0,0.8
29,"DataSplitting",8,0.0869565217391304,0.84
29,"MultipleDataSplitting",8,0,0.84
29,"Knockoff",8,0,0.84
29,"Benjamini–Hochberg (BH)",8,0,0.84
30,"Boost DS",8,0.130434782608696,0.8
30,"Boost MS",8,0,0.76
30,"DataSplitting",8,0.0454545454545455,0.84
30,"MultipleDataSplitting",8,0.115384615384615,0.92
30,"Knockoff",8,0.225806451612903,0.96
30,"Benjamini–Hochberg (BH)",8,0,0.84
31,"Boost DS",8,0,0.84
31,"Boost MS",8,0.0833333333333333,0.88
31,"DataSplitting",8,0.0416666666666667,0.92
31,"MultipleDataSplitting",8,0,0.84
31,"Knockoff",8,0,0.88
31,"Benjamini–Hochberg (BH)",8,0,0.88
32,"Boost DS",8,0.0476190476190476,0.8
32,"Boost MS",8,0,0.76
32,"DataSplitting",8,0,0.84
32,"MultipleDataSplitting",8,0.0454545454545455,0.84
32,"Knockoff",8,0.16,0.84
32,"Benjamini–Hochberg (BH)",8,0,0.8
33,"Boost DS",8,0,0.72
33,"Boost MS",8,0.1,0.72
33,"DataSplitting",8,0.173913043478261,0.76
33,"MultipleDataSplitting",8,0.05,0.76
33,"Knockoff",8,0.136363636363636,0.76
33,"Benjamini–Hochberg (BH)",8,0,0.76
34,"Boost DS",8,0,0.72
34,"Boost MS",8,0,0.92
34,"DataSplitting",8,0.0416666666666667,0.92
34,"MultipleDataSplitting",8,0,0.88
34,"Knockoff",8,0.115384615384615,0.92
34,"Benjamini–Hochberg (BH)",8,0,0.88
35,"Boost DS",8,0.225806451612903,0.96
35,"Boost MS",8,0,0.96
35,"DataSplitting",8,0.166666666666667,1
35,"MultipleDataSplitting",8,0.0769230769230769,0.96
35,"Knockoff",8,0.04,0.96
35,"Benjamini–Hochberg (BH)",8,0,0.96
36,"Boost DS",8,0.192307692307692,0.84
36,"Boost MS",8,0,0.88
36,"DataSplitting",8,0,0.88
36,"MultipleDataSplitting",8,0,0.88
36,"Knockoff",8,0.115384615384615,0.92
36,"Benjamini–Hochberg (BH)",8,0,0.88
37,"Boost DS",8,0.0909090909090909,0.8
37,"Boost MS",8,0,0.84
37,"DataSplitting",8,0.12,0.88
37,"MultipleDataSplitting",8,0.0434782608695652,0.88
37,"Knockoff",8,0.12,0.88
37,"Benjamini–Hochberg (BH)",8,0,0.88
38,"Boost DS",8,0.15,0.68
38,"Boost MS",8,0.0909090909090909,0.8
38,"DataSplitting",8,0.0476190476190476,0.8
38,"MultipleDataSplitting",8,0.0476190476190476,0.8
38,"Knockoff",8,0.125,0.84
38,"Benjamini–Hochberg (BH)",8,0,0.8
39,"Boost DS",8,0.424242424242424,0.76
39,"Boost MS",8,0.230769230769231,0.8
39,"DataSplitting",8,0,0.8
39,"MultipleDataSplitting",8,0.0454545454545455,0.84
39,"Knockoff",8,0.0909090909090909,0.8
39,"Benjamini–Hochberg (BH)",8,0,0.8
40,"Boost DS",8,0.136363636363636,0.76
40,"Boost MS",8,0,0.8
40,"DataSplitting",8,0,0.84
40,"MultipleDataSplitting",8,0,0.84
40,"Knockoff",8,0,0.84
40,"Benjamini–Hochberg (BH)",8,0,0.84
41,"Boost DS",8,0,0.68
41,"Boost MS",8,0,0.84
41,"DataSplitting",8,0.0833333333333333,0.88
41,"MultipleDataSplitting",8,0,0.88
41,"Knockoff",8,0,0.92
41,"Benjamini–Hochberg (BH)",8,0,0.92
42,"Boost DS",8,0,0.72
42,"Boost MS",8,0,0.72
42,"DataSplitting",8,0.0454545454545455,0.84
42,"MultipleDataSplitting",8,0,0.8
42,"Knockoff",8,0.0434782608695652,0.88
42,"Benjamini–Hochberg (BH)",8,0,0.76
43,"Boost DS",8,0.0833333333333333,0.88
43,"Boost MS",8,0,0.88
43,"DataSplitting",8,0.04,0.96
43,"MultipleDataSplitting",8,0,0.88
43,"Knockoff",8,0.0769230769230769,0.96
43,"Benjamini–Hochberg (BH)",8,0,0.92
44,"Boost DS",8,0.0526315789473684,0.72
44,"Boost MS",8,0,0.76
44,"DataSplitting",8,0.125,0.84
44,"MultipleDataSplitting",8,0,0.84
44,"Knockoff",8,0.0454545454545455,0.84
44,"Benjamini–Hochberg (BH)",8,0,0.8
45,"Boost DS",8,0.05,0.76
45,"Boost MS",8,0,0.88
45,"DataSplitting",8,0,0.88
45,"MultipleDataSplitting",8,0,0.84
45,"Knockoff",8,0.0434782608695652,0.88
45,"Benjamini–Hochberg (BH)",8,0,0.88
46,"Boost DS",8,0.0434782608695652,0.88
46,"Boost MS",8,0,0.88
46,"DataSplitting",8,0.12,0.88
46,"MultipleDataSplitting",8,0,0.84
46,"Knockoff",8,0,0.88
46,"Benjamini–Hochberg (BH)",8,0,0.88
47,"Boost DS",8,0.0909090909090909,0.8
47,"Boost MS",8,0,0.8
47,"DataSplitting",8,0.0434782608695652,0.88
47,"MultipleDataSplitting",8,0,0.84
47,"Knockoff",8,0,0.88
47,"Benjamini–Hochberg (BH)",8,0,0.8
48,"Boost DS",8,0.28125,0.92
48,"Boost MS",8,0.0416666666666667,0.92
48,"DataSplitting",8,0.0416666666666667,0.92
48,"MultipleDataSplitting",8,0,0.88
48,"Knockoff",8,0.115384615384615,0.92
48,"Benjamini–Hochberg (BH)",8,0,0.92
49,"Boost DS",8,0.181818181818182,0.72
49,"Boost MS",8,0.0476190476190476,0.8
49,"DataSplitting",8,0,0.76
49,"MultipleDataSplitting",8,0,0.84
49,"Knockoff",8,0.0454545454545455,0.84
49,"Benjamini–Hochberg (BH)",8,0,0.8
50,"Boost DS",8,0.0476190476190476,0.8
50,"Boost MS",8,0.241379310344828,0.88
50,"DataSplitting",8,0.04,0.96
50,"MultipleDataSplitting",8,0,0.92
50,"Knockoff",8,0.0416666666666667,0.92
50,"Benjamini–Hochberg (BH)",8,0,0.88
1,"Boost DS",9,0.08,0.92
1,"Boost MS",9,0,0.88
1,"DataSplitting",9,0.148148148148148,0.92
1,"MultipleDataSplitting",9,0,0.92
1,"Knockoff",9,0.178571428571429,0.92
1,"Benjamini–Hochberg (BH)",9,0,0.92
2,"Boost DS",9,0,0.72
2,"Boost MS",9,0,0.72
2,"DataSplitting",9,0.0833333333333333,0.88
2,"MultipleDataSplitting",9,0.0833333333333333,0.88
2,"Knockoff",9,0.12,0.88
2,"Benjamini–Hochberg (BH)",9,0,0.8
3,"Boost DS",9,0.166666666666667,0.8
3,"Boost MS",9,0.0833333333333333,0.88
3,"DataSplitting",9,0.115384615384615,0.92
3,"MultipleDataSplitting",9,0,0.88
3,"Knockoff",9,0.0416666666666667,0.92
3,"Benjamini–Hochberg (BH)",9,0,0.84
4,"Boost DS",9,0.115384615384615,0.92
4,"Boost MS",9,0,0.88
4,"DataSplitting",9,0.115384615384615,0.92
4,"MultipleDataSplitting",9,0,0.92
4,"Knockoff",9,0.0416666666666667,0.92
4,"Benjamini–Hochberg (BH)",9,0,0.92
5,"Boost DS",9,0.05,0.76
5,"Boost MS",9,0,0.76
5,"DataSplitting",9,0.0909090909090909,0.8
5,"MultipleDataSplitting",9,0,0.8
5,"Knockoff",9,0,0.8
5,"Benjamini–Hochberg (BH)",9,0,0.8
6,"Boost DS",9,0.12,0.88
6,"Boost MS",9,0,0.84
6,"DataSplitting",9,0,0.88
6,"MultipleDataSplitting",9,0,0.88
6,"Knockoff",9,0.0434782608695652,0.88
6,"Benjamini–Hochberg (BH)",9,0,0.88
7,"Boost DS",9,0,0.76
7,"Boost MS",9,0,0.72
7,"DataSplitting",9,0.0952380952380952,0.76
7,"MultipleDataSplitting",9,0,0.76
7,"Knockoff",9,0.05,0.76
7,"Benjamini–Hochberg (BH)",9,0,0.76
8,"Boost DS",9,0.0476190476190476,0.8
8,"Boost MS",9,0,0.8
8,"DataSplitting",9,0.153846153846154,0.88
8,"MultipleDataSplitting",9,0,0.88
8,"Knockoff",9,0.12,0.88
8,"Benjamini–Hochberg (BH)",9,0,0.88
9,"Boost DS",9,0.0952380952380952,0.76
9,"Boost MS",9,0,0.76
9,"DataSplitting",9,0.0454545454545455,0.84
9,"MultipleDataSplitting",9,0,0.84
9,"Knockoff",9,0,0.84
9,"Benjamini–Hochberg (BH)",9,0,0.8
10,"Boost DS",9,0.0454545454545455,0.84
10,"Boost MS",9,0,0.84
10,"DataSplitting",9,0.04,0.96
10,"MultipleDataSplitting",9,0,0.96
10,"Knockoff",9,0.111111111111111,0.96
10,"Benjamini–Hochberg (BH)",9,0,0.92
11,"Boost DS",9,0.0909090909090909,0.8
11,"Boost MS",9,0,0.8
11,"DataSplitting",9,0,0.84
11,"MultipleDataSplitting",9,0,0.88
11,"Knockoff",9,0.185185185185185,0.88
11,"Benjamini–Hochberg (BH)",9,0,0.8
12,"Boost DS",9,0,0.56
12,"Boost MS",9,0,0.6
12,"DataSplitting",9,0,0.68
12,"MultipleDataSplitting",9,0,0.64
12,"Knockoff",9,0.0952380952380952,0.76
12,"Benjamini–Hochberg (BH)",9,0,0.64
13,"Boost DS",9,0.0434782608695652,0.88
13,"Boost MS",9,0.04,0.96
13,"DataSplitting",9,0.0384615384615385,1
13,"MultipleDataSplitting",9,0,0.92
13,"Knockoff",9,0.0384615384615385,1
13,"Benjamini–Hochberg (BH)",9,0,0.96
14,"Boost DS",9,0.2,0.96
14,"Boost MS",9,0.142857142857143,0.96
14,"DataSplitting",9,0,0.96
14,"MultipleDataSplitting",9,0,0.96
14,"Knockoff",9,0.04,0.96
14,"Benjamini–Hochberg (BH)",9,0,0.96
15,"Boost DS",9,0,0.84
15,"Boost MS",9,0,0.92
15,"DataSplitting",9,0.08,0.92
15,"MultipleDataSplitting",9,0,0.92
15,"Knockoff",9,0,0.96
15,"Benjamini–Hochberg (BH)",9,0,0.92
16,"Boost DS",9,0.153846153846154,0.88
16,"Boost MS",9,0.111111111111111,0.96
16,"DataSplitting",9,0.2,0.96
16,"MultipleDataSplitting",9,0.04,0.96
16,"Knockoff",9,0.04,0.96
16,"Benjamini–Hochberg (BH)",9,0,0.92
17,"Boost DS",9,0.0476190476190476,0.8
17,"Boost MS",9,0,0.88
17,"DataSplitting",9,0,0.92
17,"MultipleDataSplitting",9,0.08,0.92
17,"Knockoff",9,0.0416666666666667,0.92
17,"Benjamini–Hochberg (BH)",9,0,0.88
18,"Boost DS",9,0,0.76
18,"Boost MS",9,0.173913043478261,0.76
18,"DataSplitting",9,0.0434782608695652,0.88
18,"MultipleDataSplitting",9,0,0.88
18,"Knockoff",9,0,0.8
18,"Benjamini–Hochberg (BH)",9,0,0.84
19,"Boost DS",9,0.12,0.88
19,"Boost MS",9,0.0416666666666667,0.92
19,"DataSplitting",9,0.111111111111111,0.96
19,"MultipleDataSplitting",9,0,0.96
19,"Knockoff",9,0.04,0.96
19,"Benjamini–Hochberg (BH)",9,0.0416666666666667,0.92
20,"Boost DS",9,0.0869565217391304,0.84
20,"Boost MS",9,0,0.84
20,"DataSplitting",9,0.0434782608695652,0.88
20,"MultipleDataSplitting",9,0,0.84
20,"Knockoff",9,0.08,0.92
20,"Benjamini–Hochberg (BH)",9,0,0.88
21,"Boost DS",9,0.25,0.96
21,"Boost MS",9,0.294117647058824,0.96
21,"DataSplitting",9,0,0.96
21,"MultipleDataSplitting",9,0.0769230769230769,0.96
21,"Knockoff",9,0.0769230769230769,0.96
21,"Benjamini–Hochberg (BH)",9,0,0.96
22,"Boost DS",9,0.0952380952380952,0.76
22,"Boost MS",9,0,0.72
22,"DataSplitting",9,0.125,0.84
22,"MultipleDataSplitting",9,0.0833333333333333,0.88
22,"Knockoff",9,0,0.88
22,"Benjamini–Hochberg (BH)",9,0,0.84
23,"Boost DS",9,0,0.68
23,"Boost MS",9,0,0.68
23,"DataSplitting",9,0.0952380952380952,0.76
23,"MultipleDataSplitting",9,0.0526315789473684,0.72
23,"Knockoff",9,0.0909090909090909,0.8
23,"Benjamini–Hochberg (BH)",9,0,0.72
24,"Boost DS",9,0.290322580645161,0.88
24,"Boost MS",9,0.12,0.88
24,"DataSplitting",9,0.0833333333333333,0.88
24,"MultipleDataSplitting",9,0.0833333333333333,0.88
24,"Knockoff",9,0.12,0.88
24,"Benjamini–Hochberg (BH)",9,0,0.84
25,"Boost DS",9,0.05,0.76
25,"Boost MS",9,0.0476190476190476,0.8
25,"DataSplitting",9,0.136363636363636,0.76
25,"MultipleDataSplitting",9,0,0.76
25,"Knockoff",9,0.0476190476190476,0.8
25,"Benjamini–Hochberg (BH)",9,0,0.76
26,"Boost DS",9,0.208333333333333,0.76
26,"Boost MS",9,0,0.76
26,"DataSplitting",9,0.125,0.84
26,"MultipleDataSplitting",9,0.0869565217391304,0.84
26,"Knockoff",9,0.0869565217391304,0.84
26,"Benjamini–Hochberg (BH)",9,0,0.8
27,"Boost DS",9,0.0416666666666667,0.92
27,"Boost MS",9,0,0.88
27,"DataSplitting",9,0.111111111111111,0.96
27,"MultipleDataSplitting",9,0.0416666666666667,0.92
27,"Knockoff",9,0.08,0.92
27,"Benjamini–Hochberg (BH)",9,0,0.92
28,"Boost DS",9,0.12,0.88
28,"Boost MS",9,0.185185185185185,0.88
28,"DataSplitting",9,0.115384615384615,0.92
28,"MultipleDataSplitting",9,0.0416666666666667,0.92
28,"Knockoff",9,0,0.92
28,"Benjamini–Hochberg (BH)",9,0,0.88
29,"Boost DS",9,0.0869565217391304,0.84
29,"Boost MS",9,0,0.84
29,"DataSplitting",9,0.0454545454545455,0.84
29,"MultipleDataSplitting",9,0,0.84
29,"Knockoff",9,0,0.84
29,"Benjamini–Hochberg (BH)",9,0,0.84
30,"Boost DS",9,0.16,0.84
30,"Boost MS",9,0,0.8
30,"DataSplitting",9,0.0833333333333333,0.88
30,"MultipleDataSplitting",9,0.115384615384615,0.92
30,"Knockoff",9,0.225806451612903,0.96
30,"Benjamini–Hochberg (BH)",9,0,0.88
31,"Boost DS",9,0,0.84
31,"Boost MS",9,0.0833333333333333,0.88
31,"DataSplitting",9,0,0.92
31,"MultipleDataSplitting",9,0,0.88
31,"Knockoff",9,0,0.92
31,"Benjamini–Hochberg (BH)",9,0,0.88
32,"Boost DS",9,0.0476190476190476,0.8
32,"Boost MS",9,0,0.8
32,"DataSplitting",9,0,0.84
32,"MultipleDataSplitting",9,0.0454545454545455,0.84
32,"Knockoff",9,0.192307692307692,0.84
32,"Benjamini–Hochberg (BH)",9,0,0.84
33,"Boost DS",9,0,0.72
33,"Boost MS",9,0.1,0.72
33,"DataSplitting",9,0.130434782608696,0.8
33,"MultipleDataSplitting",9,0,0.8
33,"Knockoff",9,0.130434782608696,0.8
33,"Benjamini–Hochberg (BH)",9,0,0.76
34,"Boost DS",9,0,0.84
34,"Boost MS",9,0.0416666666666667,0.92
34,"DataSplitting",9,0.0416666666666667,0.92
34,"MultipleDataSplitting",9,0,0.92
34,"Knockoff",9,0.115384615384615,0.92
34,"Benjamini–Hochberg (BH)",9,0,0.92
35,"Boost DS",9,0.172413793103448,0.96
35,"Boost MS",9,0,0.96
35,"DataSplitting",9,0.166666666666667,1
35,"MultipleDataSplitting",9,0.04,0.96
35,"Knockoff",9,0.04,0.96
35,"Benjamini–Hochberg (BH)",9,0,0.96
36,"Boost DS",9,0.192307692307692,0.84
36,"Boost MS",9,0,0.88
36,"DataSplitting",9,0,0.92
36,"MultipleDataSplitting",9,0,0.88
36,"Knockoff",9,0.115384615384615,0.92
36,"Benjamini–Hochberg (BH)",9,0,0.92
37,"Boost DS",9,0.0869565217391304,0.84
37,"Boost MS",9,0,0.84
37,"DataSplitting",9,0.111111111111111,0.96
37,"MultipleDataSplitting",9,0.0434782608695652,0.88
37,"Knockoff",9,0.111111111111111,0.96
37,"Benjamini–Hochberg (BH)",9,0,0.88
38,"Boost DS",9,0.136363636363636,0.76
38,"Boost MS",9,0.0909090909090909,0.8
38,"DataSplitting",9,0.0454545454545455,0.84
38,"MultipleDataSplitting",9,0.0454545454545455,0.84
38,"Knockoff",9,0.12,0.88
38,"Benjamini–Hochberg (BH)",9,0,0.8
39,"Boost DS",9,0.24,0.76
39,"Boost MS",9,0.0454545454545455,0.84
39,"DataSplitting",9,0.0434782608695652,0.88
39,"MultipleDataSplitting",9,0,0.88
39,"Knockoff",9,0.0833333333333333,0.88
39,"Benjamini–Hochberg (BH)",9,0,0.8
40,"Boost DS",9,0.130434782608696,0.8
40,"Boost MS",9,0,0.8
40,"DataSplitting",9,0,0.84
40,"MultipleDataSplitting",9,0,0.84
40,"Knockoff",9,0,0.84
40,"Benjamini–Hochberg (BH)",9,0,0.84
41,"Boost DS",9,0,0.68
41,"Boost MS",9,0,0.84
41,"DataSplitting",9,0.08,0.92
41,"MultipleDataSplitting",9,0,0.88
41,"Knockoff",9,0,0.92
41,"Benjamini–Hochberg (BH)",9,0,0.92
42,"Boost DS",9,0,0.72
42,"Boost MS",9,0,0.72
42,"DataSplitting",9,0.0434782608695652,0.88
42,"MultipleDataSplitting",9,0,0.84
42,"Knockoff",9,0.0434782608695652,0.88
42,"Benjamini–Hochberg (BH)",9,0,0.76
43,"Boost DS",9,0.0833333333333333,0.88
43,"Boost MS",9,0,0.88
43,"DataSplitting",9,0.04,0.96
43,"MultipleDataSplitting",9,0,0.88
43,"Knockoff",9,0.0769230769230769,0.96
43,"Benjamini–Hochberg (BH)",9,0,0.96
44,"Boost DS",9,0.05,0.76
44,"Boost MS",9,0,0.76
44,"DataSplitting",9,0.0869565217391304,0.84
44,"MultipleDataSplitting",9,0,0.84
44,"Knockoff",9,0.0454545454545455,0.84
44,"Benjamini–Hochberg (BH)",9,0,0.84
45,"Boost DS",9,0.05,0.76
45,"Boost MS",9,0,0.84
45,"DataSplitting",9,0,0.88
45,"MultipleDataSplitting",9,0,0.84
45,"Knockoff",9,0.0434782608695652,0.88
45,"Benjamini–Hochberg (BH)",9,0,0.88
46,"Boost DS",9,0.0434782608695652,0.88
46,"Boost MS",9,0,0.88
46,"DataSplitting",9,0.12,0.88
46,"MultipleDataSplitting",9,0,0.84
46,"Knockoff",9,0,0.88
46,"Benjamini–Hochberg (BH)",9,0,0.88
47,"Boost DS",9,0.0909090909090909,0.8
47,"Boost MS",9,0,0.84
47,"DataSplitting",9,0,0.88
47,"MultipleDataSplitting",9,0,0.84
47,"Knockoff",9,0,0.88
47,"Benjamini–Hochberg (BH)",9,0,0.84
48,"Boost DS",9,0.28125,0.92
48,"Boost MS",9,0.0416666666666667,0.92
48,"DataSplitting",9,0.08,0.92
48,"MultipleDataSplitting",9,0,0.88
48,"Knockoff",9,0.115384615384615,0.92
48,"Benjamini–Hochberg (BH)",9,0,0.92
49,"Boost DS",9,0.173913043478261,0.76
49,"Boost MS",9,0.0476190476190476,0.8
49,"DataSplitting",9,0,0.8
49,"MultipleDataSplitting",9,0,0.84
49,"Knockoff",9,0.0434782608695652,0.88
49,"Benjamini–Hochberg (BH)",9,0,0.84
50,"Boost DS",9,0.0454545454545455,0.84
50,"Boost MS",9,0.266666666666667,0.88
50,"DataSplitting",9,0.04,0.96
50,"MultipleDataSplitting",9,0,0.92
50,"Knockoff",9,0.04,0.96
50,"Benjamini–Hochberg (BH)",9,0,0.92
1,"Boost DS",10,0.08,0.92
1,"Boost MS",10,0,0.92
1,"DataSplitting",10,0.148148148148148,0.92
1,"MultipleDataSplitting",10,0,0.92
1,"Knockoff",10,0.178571428571429,0.92
1,"Benjamini–Hochberg (BH)",10,0,0.92
2,"Boost DS",10,0,0.72
2,"Boost MS",10,0,0.76
2,"DataSplitting",10,0,0.88
2,"MultipleDataSplitting",10,0.0434782608695652,0.88
2,"Knockoff",10,0.12,0.88
2,"Benjamini–Hochberg (BH)",10,0,0.88
3,"Boost DS",10,0.166666666666667,0.8
3,"Boost MS",10,0.0416666666666667,0.92
3,"DataSplitting",10,0.115384615384615,0.92
3,"MultipleDataSplitting",10,0,0.92
3,"Knockoff",10,0.0416666666666667,0.92
3,"Benjamini–Hochberg (BH)",10,0,0.88
4,"Boost DS",10,0.115384615384615,0.92
4,"Boost MS",10,0,0.92
4,"DataSplitting",10,0.0416666666666667,0.92
4,"MultipleDataSplitting",10,0,0.92
4,"Knockoff",10,0.0416666666666667,0.92
4,"Benjamini–Hochberg (BH)",10,0,0.92
5,"Boost DS",10,0.05,0.76
5,"Boost MS",10,0,0.76
5,"DataSplitting",10,0.0476190476190476,0.8
5,"MultipleDataSplitting",10,0,0.8
5,"Knockoff",10,0,0.8
5,"Benjamini–Hochberg (BH)",10,0,0.8
6,"Boost DS",10,0.12,0.88
6,"Boost MS",10,0,0.84
6,"DataSplitting",10,0,0.88
6,"MultipleDataSplitting",10,0,0.88
6,"Knockoff",10,0.0434782608695652,0.88
6,"Benjamini–Hochberg (BH)",10,0,0.88
7,"Boost DS",10,0,0.76
7,"Boost MS",10,0,0.72
7,"DataSplitting",10,0.0952380952380952,0.76
7,"MultipleDataSplitting",10,0,0.8
7,"Knockoff",10,0.05,0.76
7,"Benjamini–Hochberg (BH)",10,0,0.76
8,"Boost DS",10,0.0434782608695652,0.88
8,"Boost MS",10,0,0.88
8,"DataSplitting",10,0.233333333333333,0.92
8,"MultipleDataSplitting",10,0,0.88
8,"Knockoff",10,0.12,0.88
8,"Benjamini–Hochberg (BH)",10,0,0.88
9,"Boost DS",10,0.0952380952380952,0.76
9,"Boost MS",10,0,0.76
9,"DataSplitting",10,0.0869565217391304,0.84
9,"MultipleDataSplitting",10,0,0.84
9,"Knockoff",10,0,0.88
9,"Benjamini–Hochberg (BH)",10,0,0.8
10,"Boost DS",10,0.0434782608695652,0.88
10,"Boost MS",10,0,0.88
10,"DataSplitting",10,0.04,0.96
10,"MultipleDataSplitting",10,0,0.96
10,"Knockoff",10,0.111111111111111,0.96
10,"Benjamini–Hochberg (BH)",10,0,0.92
11,"Boost DS",10,0.0476190476190476,0.8
11,"Boost MS",10,0,0.76
11,"DataSplitting",10,0,0.88
11,"MultipleDataSplitting",10,0,0.88
11,"Knockoff",10,0.185185185185185,0.88
11,"Benjamini–Hochberg (BH)",10,0,0.84
12,"Boost DS",10,0,0.6
12,"Boost MS",10,0,0.64
12,"DataSplitting",10,0,0.68
12,"MultipleDataSplitting",10,0,0.68
12,"Knockoff",10,0.0952380952380952,0.76
12,"Benjamini–Hochberg (BH)",10,0,0.72
13,"Boost DS",10,0.0416666666666667,0.92
13,"Boost MS",10,0,0.96
13,"DataSplitting",10,0.0384615384615385,1
13,"MultipleDataSplitting",10,0,0.92
13,"Knockoff",10,0.0384615384615385,1
13,"Benjamini–Hochberg (BH)",10,0,0.96
14,"Boost DS",10,0.25,0.96
14,"Boost MS",10,0.142857142857143,0.96
14,"DataSplitting",10,0,0.96
14,"MultipleDataSplitting",10,0,0.96
14,"Knockoff",10,0.04,0.96
14,"Benjamini–Hochberg (BH)",10,0,0.96
15,"Boost DS",10,0,0.92
15,"Boost MS",10,0,0.92
15,"DataSplitting",10,0.0769230769230769,0.96
15,"MultipleDataSplitting",10,0,0.92
15,"Knockoff",10,0,0.96
15,"Benjamini–Hochberg (BH)",10,0,0.96
16,"Boost DS",10,0.178571428571429,0.92
16,"Boost MS",10,0.0769230769230769,0.96
16,"DataSplitting",10,0.04,0.96
16,"MultipleDataSplitting",10,0,0.96
16,"Knockoff",10,0.04,0.96
16,"Benjamini–Hochberg (BH)",10,0,0.92
17,"Boost DS",10,0.0434782608695652,0.88
17,"Boost MS",10,0,0.88
17,"DataSplitting",10,0,0.92
17,"MultipleDataSplitting",10,0.08,0.92
17,"Knockoff",10,0.0416666666666667,0.92
17,"Benjamini–Hochberg (BH)",10,0,0.88
18,"Boost DS",10,0,0.76
18,"Boost MS",10,0.0454545454545455,0.84
18,"DataSplitting",10,0.0416666666666667,0.92
18,"MultipleDataSplitting",10,0,0.88
18,"Knockoff",10,0,0.88
18,"Benjamini–Hochberg (BH)",10,0,0.88
19,"Boost DS",10,0.0833333333333333,0.88
19,"Boost MS",10,0,0.96
19,"DataSplitting",10,0.111111111111111,0.96
19,"MultipleDataSplitting",10,0,0.96
19,"Knockoff",10,0.04,0.96
19,"Benjamini–Hochberg (BH)",10,0.04,0.96
20,"Boost DS",10,0.0869565217391304,0.84
20,"Boost MS",10,0,0.84
20,"DataSplitting",10,0,0.88
20,"MultipleDataSplitting",10,0,0.84
20,"Knockoff",10,0.08,0.92
20,"Benjamini–Hochberg (BH)",10,0,0.88
21,"Boost DS",10,0.25,0.96
21,"Boost MS",10,0.294117647058824,0.96
21,"DataSplitting",10,0,0.96
21,"MultipleDataSplitting",10,0.04,0.96
21,"Knockoff",10,0.0769230769230769,0.96
21,"Benjamini–Hochberg (BH)",10,0,0.96
22,"Boost DS",10,0.0869565217391304,0.84
22,"Boost MS",10,0,0.76
22,"DataSplitting",10,0,0.88
22,"MultipleDataSplitting",10,0,0.88
22,"Knockoff",10,0,0.88
22,"Benjamini–Hochberg (BH)",10,0,0.88
23,"Boost DS",10,0,0.72
23,"Boost MS",10,0,0.68
23,"DataSplitting",10,0.0909090909090909,0.8
23,"MultipleDataSplitting",10,0.0476190476190476,0.8
23,"Knockoff",10,0.0869565217391304,0.84
23,"Benjamini–Hochberg (BH)",10,0,0.76
24,"Boost DS",10,0.28125,0.92
24,"Boost MS",10,0.0434782608695652,0.88
24,"DataSplitting",10,0.0833333333333333,0.88
24,"MultipleDataSplitting",10,0.12,0.88
24,"Knockoff",10,0.115384615384615,0.92
24,"Benjamini–Hochberg (BH)",10,0.0434782608695652,0.88
25,"Boost DS",10,0.05,0.76
25,"Boost MS",10,0.0909090909090909,0.8
25,"DataSplitting",10,0.125,0.84
25,"MultipleDataSplitting",10,0,0.76
25,"Knockoff",10,0.0476190476190476,0.8
25,"Benjamini–Hochberg (BH)",10,0,0.76
26,"Boost DS",10,0.208333333333333,0.76
26,"Boost MS",10,0,0.8
26,"DataSplitting",10,0.153846153846154,0.88
26,"MultipleDataSplitting",10,0.16,0.84
26,"Knockoff",10,0.0869565217391304,0.84
26,"Benjamini–Hochberg (BH)",10,0,0.84
27,"Boost DS",10,0.0416666666666667,0.92
27,"Boost MS",10,0,0.88
27,"DataSplitting",10,0.111111111111111,0.96
27,"MultipleDataSplitting",10,0.0416666666666667,0.92
27,"Knockoff",10,0.08,0.92
27,"Benjamini–Hochberg (BH)",10,0,0.92
28,"Boost DS",10,0.12,0.88
28,"Boost MS",10,0.185185185185185,0.88
28,"DataSplitting",10,0.115384615384615,0.92
28,"MultipleDataSplitting",10,0,0.92
28,"Knockoff",10,0,0.92
28,"Benjamini–Hochberg (BH)",10,0,0.92
29,"Boost DS",10,0.0869565217391304,0.84
29,"Boost MS",10,0,0.8
29,"DataSplitting",10,0.0869565217391304,0.84
29,"MultipleDataSplitting",10,0,0.84
29,"Knockoff",10,0,0.84
29,"Benjamini–Hochberg (BH)",10,0,0.84
30,"Boost DS",10,0.153846153846154,0.88
30,"Boost MS",10,0,0.8
30,"DataSplitting",10,0.08,0.92
30,"MultipleDataSplitting",10,0.115384615384615,0.92
30,"Knockoff",10,0.225806451612903,0.96
30,"Benjamini–Hochberg (BH)",10,0,0.88
31,"Boost DS",10,0,0.84
31,"Boost MS",10,0.0416666666666667,0.92
31,"DataSplitting",10,0,0.92
31,"MultipleDataSplitting",10,0,0.88
31,"Knockoff",10,0,0.92
31,"Benjamini–Hochberg (BH)",10,0,0.88
32,"Boost DS",10,0.0454545454545455,0.84
32,"Boost MS",10,0,0.8
32,"DataSplitting",10,0,0.84
32,"MultipleDataSplitting",10,0.0454545454545455,0.84
32,"Knockoff",10,0.192307692307692,0.84
32,"Benjamini–Hochberg (BH)",10,0,0.84
33,"Boost DS",10,0,0.72
33,"Boost MS",10,0.1,0.72
33,"DataSplitting",10,0.0909090909090909,0.8
33,"MultipleDataSplitting",10,0,0.8
33,"Knockoff",10,0.130434782608696,0.8
33,"Benjamini–Hochberg (BH)",10,0,0.8
34,"Boost DS",10,0,0.88
34,"Boost MS",10,0.115384615384615,0.92
34,"DataSplitting",10,0.0416666666666667,0.92
34,"MultipleDataSplitting",10,0,0.92
34,"Knockoff",10,0.115384615384615,0.92
34,"Benjamini–Hochberg (BH)",10,0,0.92
35,"Boost DS",10,0.193548387096774,1
35,"Boost MS",10,0,0.96
35,"DataSplitting",10,0.21875,1
35,"MultipleDataSplitting",10,0.0769230769230769,0.96
35,"Knockoff",10,0.04,0.96
35,"Benjamini–Hochberg (BH)",10,0,0.96
36,"Boost DS",10,0.153846153846154,0.88
36,"Boost MS",10,0,0.88
36,"DataSplitting",10,0,0.92
36,"MultipleDataSplitting",10,0,0.88
36,"Knockoff",10,0.111111111111111,0.96
36,"Benjamini–Hochberg (BH)",10,0,0.92
37,"Boost DS",10,0.0869565217391304,0.84
37,"Boost MS",10,0,0.84
37,"DataSplitting",10,0.111111111111111,0.96
37,"MultipleDataSplitting",10,0,0.92
37,"Knockoff",10,0.111111111111111,0.96
37,"Benjamini–Hochberg (BH)",10,0,0.88
38,"Boost DS",10,0.130434782608696,0.8
38,"Boost MS",10,0.0869565217391304,0.84
38,"DataSplitting",10,0.0869565217391304,0.84
38,"MultipleDataSplitting",10,0.0434782608695652,0.88
38,"Knockoff",10,0.12,0.88
38,"Benjamini–Hochberg (BH)",10,0,0.84
39,"Boost DS",10,0.24,0.76
39,"Boost MS",10,0.0454545454545455,0.84
39,"DataSplitting",10,0.0434782608695652,0.88
39,"MultipleDataSplitting",10,0,0.88
39,"Knockoff",10,0.0833333333333333,0.88
39,"Benjamini–Hochberg (BH)",10,0,0.8
40,"Boost DS",10,0.130434782608696,0.8
40,"Boost MS",10,0,0.84
40,"DataSplitting",10,0,0.84
40,"MultipleDataSplitting",10,0,0.84
40,"Knockoff",10,0,0.84
40,"Benjamini–Hochberg (BH)",10,0,0.84
41,"Boost DS",10,0.0833333333333333,0.88
41,"Boost MS",10,0,0.88
41,"DataSplitting",10,0.08,0.92
41,"MultipleDataSplitting",10,0,0.88
41,"Knockoff",10,0,0.92
41,"Benjamini–Hochberg (BH)",10,0,0.92
42,"Boost DS",10,0,0.72
42,"Boost MS",10,0,0.72
42,"DataSplitting",10,0.0434782608695652,0.88
42,"MultipleDataSplitting",10,0,0.84
42,"Knockoff",10,0.0434782608695652,0.88
42,"Benjamini–Hochberg (BH)",10,0,0.84
43,"Boost DS",10,0.0416666666666667,0.92
43,"Boost MS",10,0,0.88
43,"DataSplitting",10,0.04,0.96
43,"MultipleDataSplitting",10,0,0.88
43,"Knockoff",10,0.0769230769230769,0.96
43,"Benjamini–Hochberg (BH)",10,0,0.96
44,"Boost DS",10,0.05,0.76
44,"Boost MS",10,0,0.8
44,"DataSplitting",10,0.0869565217391304,0.84
44,"MultipleDataSplitting",10,0,0.84
44,"Knockoff",10,0.0454545454545455,0.84
44,"Benjamini–Hochberg (BH)",10,0,0.84
45,"Boost DS",10,0.0454545454545455,0.84
45,"Boost MS",10,0,0.88
45,"DataSplitting",10,0,0.88
45,"MultipleDataSplitting",10,0,0.84
45,"Knockoff",10,0.0434782608695652,0.88
45,"Benjamini–Hochberg (BH)",10,0,0.88
46,"Boost DS",10,0.0434782608695652,0.88
46,"Boost MS",10,0,0.88
46,"DataSplitting",10,0.12,0.88
46,"MultipleDataSplitting",10,0,0.84
46,"Knockoff",10,0,0.88
46,"Benjamini–Hochberg (BH)",10,0,0.88
47,"Boost DS",10,0.0909090909090909,0.8
47,"Boost MS",10,0,0.84
47,"DataSplitting",10,0.0434782608695652,0.88
47,"MultipleDataSplitting",10,0,0.84
47,"Knockoff",10,0,0.88
47,"Benjamini–Hochberg (BH)",10,0,0.84
48,"Boost DS",10,0.303030303030303,0.92
48,"Boost MS",10,0.0416666666666667,0.92
48,"DataSplitting",10,0.0416666666666667,0.92
48,"MultipleDataSplitting",10,0,0.88
48,"Knockoff",10,0.115384615384615,0.92
48,"Benjamini–Hochberg (BH)",10,0,0.92
49,"Boost DS",10,0.166666666666667,0.8
49,"Boost MS",10,0.0454545454545455,0.84
49,"DataSplitting",10,0,0.8
49,"MultipleDataSplitting",10,0,0.88
49,"Knockoff",10,0.0434782608695652,0.88
49,"Benjamini–Hochberg (BH)",10,0,0.84
50,"Boost DS",10,0.0454545454545455,0.84
50,"Boost MS",10,0.241379310344828,0.88
50,"DataSplitting",10,0.04,0.96
50,"MultipleDataSplitting",10,0,0.96
50,"Knockoff",10,0.04,0.96
50,"Benjamini–Hochberg (BH)",10,0,0.96
1,"Boost DS",11,0.08,0.92
1,"Boost MS",11,0,0.92
1,"DataSplitting",11,0.148148148148148,0.92
1,"MultipleDataSplitting",11,0,0.92
1,"Knockoff",11,0.178571428571429,0.92
1,"Benjamini–Hochberg (BH)",11,0,0.92
2,"Boost DS",11,0,0.76
2,"Boost MS",11,0,0.76
2,"DataSplitting",11,0,0.88
2,"MultipleDataSplitting",11,0.0434782608695652,0.88
2,"Knockoff",11,0.12,0.88
2,"Benjamini–Hochberg (BH)",11,0,0.88
3,"Boost DS",11,0.16,0.84
3,"Boost MS",11,0.0416666666666667,0.92
3,"DataSplitting",11,0.115384615384615,0.92
3,"MultipleDataSplitting",11,0,0.92
3,"Knockoff",11,0.0416666666666667,0.92
3,"Benjamini–Hochberg (BH)",11,0,0.92
4,"Boost DS",11,0.115384615384615,0.92
4,"Boost MS",11,0,0.92
4,"DataSplitting",11,0.0416666666666667,0.92
4,"MultipleDataSplitting",11,0,0.92
4,"Knockoff",11,0.0416666666666667,0.92
4,"Benjamini–Hochberg (BH)",11,0,0.92
5,"Boost DS",11,0.05,0.76
5,"Boost MS",11,0,0.76
5,"DataSplitting",11,0.0909090909090909,0.8
5,"MultipleDataSplitting",11,0,0.8
5,"Knockoff",11,0,0.8
5,"Benjamini–Hochberg (BH)",11,0,0.8
6,"Boost DS",11,0.12,0.88
6,"Boost MS",11,0,0.88
6,"DataSplitting",11,0,0.88
6,"MultipleDataSplitting",11,0,0.88
6,"Knockoff",11,0.0434782608695652,0.88
6,"Benjamini–Hochberg (BH)",11,0,0.88
7,"Boost DS",11,0,0.8
7,"Boost MS",11,0,0.76
7,"DataSplitting",11,0.0909090909090909,0.8
7,"MultipleDataSplitting",11,0.0476190476190476,0.8
7,"Knockoff",11,0.0454545454545455,0.84
7,"Benjamini–Hochberg (BH)",11,0,0.8
8,"Boost DS",11,0.0434782608695652,0.88
8,"Boost MS",11,0,0.88
8,"DataSplitting",11,0.233333333333333,0.92
8,"MultipleDataSplitting",11,0,0.88
8,"Knockoff",11,0.12,0.88
8,"Benjamini–Hochberg (BH)",11,0,0.88
9,"Boost DS",11,0.0909090909090909,0.8
9,"Boost MS",11,0,0.8
9,"DataSplitting",11,0.0869565217391304,0.84
9,"MultipleDataSplitting",11,0,0.88
9,"Knockoff",11,0,0.92
9,"Benjamini–Hochberg (BH)",11,0,0.84
10,"Boost DS",11,0.0416666666666667,0.92
10,"Boost MS",11,0,0.88
10,"DataSplitting",11,0.04,0.96
10,"MultipleDataSplitting",11,0,0.96
10,"Knockoff",11,0.166666666666667,1
10,"Benjamini–Hochberg (BH)",11,0,0.96
11,"Boost DS",11,0.0476190476190476,0.8
11,"Boost MS",11,0,0.8
11,"DataSplitting",11,0,0.88
11,"MultipleDataSplitting",11,0,0.88
11,"Knockoff",11,0.185185185185185,0.88
11,"Benjamini–Hochberg (BH)",11,0,0.88
12,"Boost DS",11,0,0.64
12,"Boost MS",11,0,0.76
12,"DataSplitting",11,0,0.76
12,"MultipleDataSplitting",11,0,0.72
12,"Knockoff",11,0.0952380952380952,0.76
12,"Benjamini–Hochberg (BH)",11,0,0.76
13,"Boost DS",11,0.04,0.96
13,"Boost MS",11,0,0.96
13,"DataSplitting",11,0.0384615384615385,1
13,"MultipleDataSplitting",11,0,0.92
13,"Knockoff",11,0.0384615384615385,1
13,"Benjamini–Hochberg (BH)",11,0,1
14,"Boost DS",11,0.25,0.96
14,"Boost MS",11,0.142857142857143,0.96
14,"DataSplitting",11,0,0.96
14,"MultipleDataSplitting",11,0,0.96
14,"Knockoff",11,0.04,0.96
14,"Benjamini–Hochberg (BH)",11,0,0.96
15,"Boost DS",11,0,0.92
15,"Boost MS",11,0,0.92
15,"DataSplitting",11,0.0769230769230769,0.96
15,"MultipleDataSplitting",11,0,0.92
15,"Knockoff",11,0,0.96
15,"Benjamini–Hochberg (BH)",11,0,0.96
16,"Boost DS",11,0.178571428571429,0.92
16,"Boost MS",11,0.0769230769230769,0.96
16,"DataSplitting",11,0.04,0.96
16,"MultipleDataSplitting",11,0,0.96
16,"Knockoff",11,0.04,0.96
16,"Benjamini–Hochberg (BH)",11,0,0.96
17,"Boost DS",11,0.0434782608695652,0.88
17,"Boost MS",11,0,0.88
17,"DataSplitting",11,0,0.92
17,"MultipleDataSplitting",11,0.0416666666666667,0.92
17,"Knockoff",11,0.0416666666666667,0.92
17,"Benjamini–Hochberg (BH)",11,0,0.92
18,"Boost DS",11,0,0.76
18,"Boost MS",11,0.0434782608695652,0.88
18,"DataSplitting",11,0.0416666666666667,0.92
18,"MultipleDataSplitting",11,0,0.88
18,"Knockoff",11,0,0.88
18,"Benjamini–Hochberg (BH)",11,0,0.88
19,"Boost DS",11,0.08,0.92
19,"Boost MS",11,0,0.96
19,"DataSplitting",11,0.111111111111111,0.96
19,"MultipleDataSplitting",11,0,0.96
19,"Knockoff",11,0.04,0.96
19,"Benjamini–Hochberg (BH)",11,0,0.96
20,"Boost DS",11,0.0869565217391304,0.84
20,"Boost MS",11,0,0.84
20,"DataSplitting",11,0,0.92
20,"MultipleDataSplitting",11,0,0.88
20,"Knockoff",11,0.08,0.92
20,"Benjamini–Hochberg (BH)",11,0,0.92
21,"Boost DS",11,0.25,0.96
21,"Boost MS",11,0.314285714285714,0.96
21,"DataSplitting",11,0,0.96
21,"MultipleDataSplitting",11,0.04,0.96
21,"Knockoff",11,0.0769230769230769,0.96
21,"Benjamini–Hochberg (BH)",11,0,0.96
22,"Boost DS",11,0.0434782608695652,0.88
22,"Boost MS",11,0,0.8
22,"DataSplitting",11,0,0.88
22,"MultipleDataSplitting",11,0,0.88
22,"Knockoff",11,0,0.88
22,"Benjamini–Hochberg (BH)",11,0,0.88
23,"Boost DS",11,0,0.72
23,"Boost MS",11,0,0.72
23,"DataSplitting",11,0.0909090909090909,0.8
23,"MultipleDataSplitting",11,0.0476190476190476,0.8
23,"Knockoff",11,0.0869565217391304,0.84
23,"Benjamini–Hochberg (BH)",11,0,0.8
24,"Boost DS",11,0.28125,0.92
24,"Boost MS",11,0.0434782608695652,0.88
24,"DataSplitting",11,0.0833333333333333,0.88
24,"MultipleDataSplitting",11,0.12,0.88
24,"Knockoff",11,0.115384615384615,0.92
24,"Benjamini–Hochberg (BH)",11,0.0416666666666667,0.92
25,"Boost DS",11,0.05,0.76
25,"Boost MS",11,0,0.8
25,"DataSplitting",11,0.0454545454545455,0.84
25,"MultipleDataSplitting",11,0,0.8
25,"Knockoff",11,0.0454545454545455,0.84
25,"Benjamini–Hochberg (BH)",11,0,0.8
26,"Boost DS",11,0.2,0.8
26,"Boost MS",11,0,0.8
26,"DataSplitting",11,0.153846153846154,0.88
26,"MultipleDataSplitting",11,0.0833333333333333,0.88
26,"Knockoff",11,0.0833333333333333,0.88
26,"Benjamini–Hochberg (BH)",11,0,0.84
27,"Boost DS",11,0.0416666666666667,0.92
27,"Boost MS",11,0,0.88
27,"DataSplitting",11,0.111111111111111,0.96
27,"MultipleDataSplitting",11,0.0416666666666667,0.92
27,"Knockoff",11,0.0769230769230769,0.96
27,"Benjamini–Hochberg (BH)",11,0,0.92
28,"Boost DS",11,0.12,0.88
28,"Boost MS",11,0.115384615384615,0.92
28,"DataSplitting",11,0.115384615384615,0.92
28,"MultipleDataSplitting",11,0.0416666666666667,0.92
28,"Knockoff",11,0,0.92
28,"Benjamini–Hochberg (BH)",11,0,0.92
29,"Boost DS",11,0.0869565217391304,0.84
29,"Boost MS",11,0,0.84
29,"DataSplitting",11,0.0869565217391304,0.84
29,"MultipleDataSplitting",11,0,0.84
29,"Knockoff",11,0,0.84
29,"Benjamini–Hochberg (BH)",11,0,0.84
30,"Boost DS",11,0.153846153846154,0.88
30,"Boost MS",11,0,0.8
30,"DataSplitting",11,0.0769230769230769,0.96
30,"MultipleDataSplitting",11,0.115384615384615,0.92
30,"Knockoff",11,0.225806451612903,0.96
30,"Benjamini–Hochberg (BH)",11,0,0.88
31,"Boost DS",11,0.185185185185185,0.88
31,"Boost MS",11,0.206896551724138,0.92
31,"DataSplitting",11,0,0.92
31,"MultipleDataSplitting",11,0,0.88
31,"Knockoff",11,0,0.92
31,"Benjamini–Hochberg (BH)",11,0,0.92
32,"Boost DS",11,0.0454545454545455,0.84
32,"Boost MS",11,0,0.8
32,"DataSplitting",11,0,0.84
32,"MultipleDataSplitting",11,0.0454545454545455,0.84
32,"Knockoff",11,0.192307692307692,0.84
32,"Benjamini–Hochberg (BH)",11,0,0.84
33,"Boost DS",11,0,0.72
33,"Boost MS",11,0,0.76
33,"DataSplitting",11,0.0909090909090909,0.8
33,"MultipleDataSplitting",11,0,0.8
33,"Knockoff",11,0.125,0.84
33,"Benjamini–Hochberg (BH)",11,0,0.8
34,"Boost DS",11,0,0.92
34,"Boost MS",11,0.08,0.92
34,"DataSplitting",11,0.0416666666666667,0.92
34,"MultipleDataSplitting",11,0,0.92
34,"Knockoff",11,0.115384615384615,0.92
34,"Benjamini–Hochberg (BH)",11,0,0.92
35,"Boost DS",11,0.193548387096774,1
35,"Boost MS",11,0,0.96
35,"DataSplitting",11,0.21875,1
35,"MultipleDataSplitting",11,0.0740740740740741,1
35,"Knockoff",11,0.0384615384615385,1
35,"Benjamini–Hochberg (BH)",11,0,1
36,"Boost DS",11,0.148148148148148,0.92
36,"Boost MS",11,0,0.88
36,"DataSplitting",11,0,0.96
36,"MultipleDataSplitting",11,0,0.92
36,"Knockoff",11,0.0769230769230769,0.96
36,"Benjamini–Hochberg (BH)",11,0,0.92
37,"Boost DS",11,0.0869565217391304,0.84
37,"Boost MS",11,0,0.88
37,"DataSplitting",11,0.111111111111111,0.96
37,"MultipleDataSplitting",11,0,0.96
37,"Knockoff",11,0.111111111111111,0.96
37,"Benjamini–Hochberg (BH)",11,0,0.88
38,"Boost DS",11,0.130434782608696,0.8
38,"Boost MS",11,0.0869565217391304,0.84
38,"DataSplitting",11,0.0434782608695652,0.88
38,"MultipleDataSplitting",11,0.0434782608695652,0.88
38,"Knockoff",11,0.12,0.88
38,"Benjamini–Hochberg (BH)",11,0,0.88
39,"Boost DS",11,0.208333333333333,0.76
39,"Boost MS",11,0,0.88
39,"DataSplitting",11,0.0434782608695652,0.88
39,"MultipleDataSplitting",11,0.0434782608695652,0.88
39,"Knockoff",11,0.0833333333333333,0.88
39,"Benjamini–Hochberg (BH)",11,0,0.88
40,"Boost DS",11,0.130434782608696,0.8
40,"Boost MS",11,0,0.84
40,"DataSplitting",11,0,0.84
40,"MultipleDataSplitting",11,0,0.84
40,"Knockoff",11,0,0.84
40,"Benjamini–Hochberg (BH)",11,0,0.84
41,"Boost DS",11,0.0833333333333333,0.88
41,"Boost MS",11,0,0.88
41,"DataSplitting",11,0.08,0.92
41,"MultipleDataSplitting",11,0,0.88
41,"Knockoff",11,0,0.92
41,"Benjamini–Hochberg (BH)",11,0,0.92
42,"Boost DS",11,0,0.8
42,"Boost MS",11,0,0.76
42,"DataSplitting",11,0,0.88
42,"MultipleDataSplitting",11,0,0.84
42,"Knockoff",11,0.0434782608695652,0.88
42,"Benjamini–Hochberg (BH)",11,0,0.88
43,"Boost DS",11,0.0416666666666667,0.92
43,"Boost MS",11,0,0.88
43,"DataSplitting",11,0.04,0.96
43,"MultipleDataSplitting",11,0,0.88
43,"Knockoff",11,0.04,0.96
43,"Benjamini–Hochberg (BH)",11,0,0.96
44,"Boost DS",11,0.130434782608696,0.8
44,"Boost MS",11,0,0.84
44,"DataSplitting",11,0.0869565217391304,0.84
44,"MultipleDataSplitting",11,0,0.84
44,"Knockoff",11,0.0454545454545455,0.84
44,"Benjamini–Hochberg (BH)",11,0,0.84
45,"Boost DS",11,0.0454545454545455,0.84
45,"Boost MS",11,0,0.88
45,"DataSplitting",11,0,0.88
45,"MultipleDataSplitting",11,0,0.88
45,"Knockoff",11,0.0416666666666667,0.92
45,"Benjamini–Hochberg (BH)",11,0,0.88
46,"Boost DS",11,0.0434782608695652,0.88
46,"Boost MS",11,0,0.88
46,"DataSplitting",11,0.115384615384615,0.92
46,"MultipleDataSplitting",11,0,0.84
46,"Knockoff",11,0,0.88
46,"Benjamini–Hochberg (BH)",11,0,0.88
47,"Boost DS",11,0.0909090909090909,0.8
47,"Boost MS",11,0,0.84
47,"DataSplitting",11,0.0434782608695652,0.88
47,"MultipleDataSplitting",11,0,0.84
47,"Knockoff",11,0,0.88
47,"Benjamini–Hochberg (BH)",11,0,0.88
48,"Boost DS",11,0.28125,0.92
48,"Boost MS",11,0.08,0.92
48,"DataSplitting",11,0.08,0.92
48,"MultipleDataSplitting",11,0,0.88
48,"Knockoff",11,0.115384615384615,0.92
48,"Benjamini–Hochberg (BH)",11,0,0.92
49,"Boost DS",11,0.130434782608696,0.8
49,"Boost MS",11,0.0833333333333333,0.88
49,"DataSplitting",11,0,0.84
49,"MultipleDataSplitting",11,0,0.88
49,"Knockoff",11,0.0434782608695652,0.88
49,"Benjamini–Hochberg (BH)",11,0,0.84
50,"Boost DS",11,0.0434782608695652,0.88
50,"Boost MS",11,0.0769230769230769,0.96
50,"DataSplitting",11,0.04,0.96
50,"MultipleDataSplitting",11,0,0.96
50,"Knockoff",11,0.04,0.96
50,"Benjamini–Hochberg (BH)",11,0,0.96
1,"Boost DS",12,0.08,0.92
1,"Boost MS",12,0,0.92
1,"DataSplitting",12,0.148148148148148,0.92
1,"MultipleDataSplitting",12,0,0.92
1,"Knockoff",12,0.178571428571429,0.92
1,"Benjamini–Hochberg (BH)",12,0,0.92
2,"Boost DS",12,0,0.76
2,"Boost MS",12,0,0.8
2,"DataSplitting",12,0,0.88
2,"MultipleDataSplitting",12,0.0434782608695652,0.88
2,"Knockoff",12,0.12,0.88
2,"Benjamini–Hochberg (BH)",12,0,0.88
3,"Boost DS",12,0.153846153846154,0.88
3,"Boost MS",12,0.148148148148148,0.92
3,"DataSplitting",12,0.115384615384615,0.92
3,"MultipleDataSplitting",12,0,0.92
3,"Knockoff",12,0.0416666666666667,0.92
3,"Benjamini–Hochberg (BH)",12,0,0.92
4,"Boost DS",12,0.115384615384615,0.92
4,"Boost MS",12,0,0.92
4,"DataSplitting",12,0.0416666666666667,0.92
4,"MultipleDataSplitting",12,0,0.92
4,"Knockoff",12,0.0416666666666667,0.92
4,"Benjamini–Hochberg (BH)",12,0,0.92
5,"Boost DS",12,0.0476190476190476,0.8
5,"Boost MS",12,0,0.8
5,"DataSplitting",12,0.0909090909090909,0.8
5,"MultipleDataSplitting",12,0,0.84
5,"Knockoff",12,0,0.8
5,"Benjamini–Hochberg (BH)",12,0,0.8
6,"Boost DS",12,0.12,0.88
6,"Boost MS",12,0,0.88
6,"DataSplitting",12,0,0.88
6,"MultipleDataSplitting",12,0,0.88
6,"Knockoff",12,0.0434782608695652,0.88
6,"Benjamini–Hochberg (BH)",12,0,0.88
7,"Boost DS",12,0,0.8
7,"Boost MS",12,0,0.76
7,"DataSplitting",12,0.0909090909090909,0.8
7,"MultipleDataSplitting",12,0,0.84
7,"Knockoff",12,0.0454545454545455,0.84
7,"Benjamini–Hochberg (BH)",12,0,0.8
8,"Boost DS",12,0.0434782608695652,0.88
8,"Boost MS",12,0,0.88
8,"DataSplitting",12,0.2,0.96
8,"MultipleDataSplitting",12,0,0.88
8,"Knockoff",12,0.115384615384615,0.92
8,"Benjamini–Hochberg (BH)",12,0,0.88
9,"Boost DS",12,0.0909090909090909,0.8
9,"Boost MS",12,0,0.8
9,"DataSplitting",12,0.0434782608695652,0.88
9,"MultipleDataSplitting",12,0,0.88
9,"Knockoff",12,0,0.92
9,"Benjamini–Hochberg (BH)",12,0,0.84
10,"Boost DS",12,0.08,0.92
10,"Boost MS",12,0,0.88
10,"DataSplitting",12,0.04,0.96
10,"MultipleDataSplitting",12,0,0.96
10,"Knockoff",12,0.166666666666667,1
10,"Benjamini–Hochberg (BH)",12,0,0.96
11,"Boost DS",12,0.0454545454545455,0.84
11,"Boost MS",12,0,0.8
11,"DataSplitting",12,0,0.88
11,"MultipleDataSplitting",12,0,0.88
11,"Knockoff",12,0.185185185185185,0.88
11,"Benjamini–Hochberg (BH)",12,0,0.88
12,"Boost DS",12,0,0.64
12,"Boost MS",12,0,0.76
12,"DataSplitting",12,0,0.76
12,"MultipleDataSplitting",12,0,0.72
12,"Knockoff",12,0.0952380952380952,0.76
12,"Benjamini–Hochberg (BH)",12,0,0.76
13,"Boost DS",12,0.04,0.96
13,"Boost MS",12,0.0384615384615385,1
13,"DataSplitting",12,0.0384615384615385,1
13,"MultipleDataSplitting",12,0,0.92
13,"Knockoff",12,0.0384615384615385,1
13,"Benjamini–Hochberg (BH)",12,0,1
14,"Boost DS",12,0.225806451612903,0.96
14,"Boost MS",12,0.142857142857143,0.96
14,"DataSplitting",12,0,0.96
14,"MultipleDataSplitting",12,0,0.96
14,"Knockoff",12,0.04,0.96
14,"Benjamini–Hochberg (BH)",12,0,0.96
15,"Boost DS",12,0,0.92
15,"Boost MS",12,0,0.96
15,"DataSplitting",12,0.0769230769230769,0.96
15,"MultipleDataSplitting",12,0,0.92
15,"Knockoff",12,0,0.96
15,"Benjamini–Hochberg (BH)",12,0,0.96
16,"Boost DS",12,0.178571428571429,0.92
16,"Boost MS",12,0.111111111111111,0.96
16,"DataSplitting",12,0.04,0.96
16,"MultipleDataSplitting",12,0,0.96
16,"Knockoff",12,0.04,0.96
16,"Benjamini–Hochberg (BH)",12,0,0.96
17,"Boost DS",12,0.08,0.92
17,"Boost MS",12,0,0.92
17,"DataSplitting",12,0,0.92
17,"MultipleDataSplitting",12,0.115384615384615,0.92
17,"Knockoff",12,0.0416666666666667,0.92
17,"Benjamini–Hochberg (BH)",12,0,0.92
18,"Boost DS",12,0,0.76
18,"Boost MS",12,0.0434782608695652,0.88
18,"DataSplitting",12,0.0416666666666667,0.92
18,"MultipleDataSplitting",12,0,0.92
18,"Knockoff",12,0,0.92
18,"Benjamini–Hochberg (BH)",12,0,0.88
19,"Boost DS",12,0.08,0.92
19,"Boost MS",12,0,0.96
19,"DataSplitting",12,0.111111111111111,0.96
19,"MultipleDataSplitting",12,0,0.96
19,"Knockoff",12,0.04,0.96
19,"Benjamini–Hochberg (BH)",12,0,0.96
20,"Boost DS",12,0.0833333333333333,0.88
20,"Boost MS",12,0,0.84
20,"DataSplitting",12,0,0.92
20,"MultipleDataSplitting",12,0,0.88
20,"Knockoff",12,0.08,0.92
20,"Benjamini–Hochberg (BH)",12,0,0.92
21,"Boost DS",12,0.25,0.96
21,"Boost MS",12,0.314285714285714,0.96
21,"DataSplitting",12,0.0769230769230769,0.96
21,"MultipleDataSplitting",12,0.0769230769230769,0.96
21,"Knockoff",12,0.0769230769230769,0.96
21,"Benjamini–Hochberg (BH)",12,0,0.96
22,"Boost DS",12,0.0833333333333333,0.88
22,"Boost MS",12,0,0.8
22,"DataSplitting",12,0,0.92
22,"MultipleDataSplitting",12,0.0434782608695652,0.88
22,"Knockoff",12,0,0.92
22,"Benjamini–Hochberg (BH)",12,0,0.88
23,"Boost DS",12,0,0.76
23,"Boost MS",12,0,0.76
23,"DataSplitting",12,0.0869565217391304,0.84
23,"MultipleDataSplitting",12,0,0.84
23,"Knockoff",12,0.0869565217391304,0.84
23,"Benjamini–Hochberg (BH)",12,0,0.84
24,"Boost DS",12,0.258064516129032,0.92
24,"Boost MS",12,0,0.88
24,"DataSplitting",12,0.0833333333333333,0.88
24,"MultipleDataSplitting",12,0.08,0.92
24,"Knockoff",12,0.115384615384615,0.92
24,"Benjamini–Hochberg (BH)",12,0,0.92
25,"Boost DS",12,0.05,0.76
25,"Boost MS",12,0.0909090909090909,0.8
25,"DataSplitting",12,0.0454545454545455,0.84
25,"MultipleDataSplitting",12,0,0.8
25,"Knockoff",12,0.0454545454545455,0.84
25,"Benjamini–Hochberg (BH)",12,0,0.8
26,"Boost DS",12,0.2,0.8
26,"Boost MS",12,0,0.84
26,"DataSplitting",12,0.153846153846154,0.88
26,"MultipleDataSplitting",12,0.0833333333333333,0.88
26,"Knockoff",12,0.0833333333333333,0.88
26,"Benjamini–Hochberg (BH)",12,0,0.84
27,"Boost DS",12,0.0416666666666667,0.92
27,"Boost MS",12,0,0.92
27,"DataSplitting",12,0.111111111111111,0.96
27,"MultipleDataSplitting",12,0.0416666666666667,0.92
27,"Knockoff",12,0.0769230769230769,0.96
27,"Benjamini–Hochberg (BH)",12,0,0.92
28,"Boost DS",12,0.12,0.88
28,"Boost MS",12,0.111111111111111,0.96
28,"DataSplitting",12,0.115384615384615,0.92
28,"MultipleDataSplitting",12,0,0.92
28,"Knockoff",12,0,0.92
28,"Benjamini–Hochberg (BH)",12,0,0.92
29,"Boost DS",12,0.0869565217391304,0.84
29,"Boost MS",12,0,0.8
29,"DataSplitting",12,0.0454545454545455,0.84
29,"MultipleDataSplitting",12,0,0.8
29,"Knockoff",12,0,0.84
29,"Benjamini–Hochberg (BH)",12,0,0.84
30,"Boost DS",12,0.153846153846154,0.88
30,"Boost MS",12,0,0.84
30,"DataSplitting",12,0.0769230769230769,0.96
30,"MultipleDataSplitting",12,0.115384615384615,0.92
30,"Knockoff",12,0.225806451612903,0.96
30,"Benjamini–Hochberg (BH)",12,0,0.88
31,"Boost DS",12,0.185185185185185,0.88
31,"Boost MS",12,0.206896551724138,0.92
31,"DataSplitting",12,0,0.96
31,"MultipleDataSplitting",12,0,0.88
31,"Knockoff",12,0,0.92
31,"Benjamini–Hochberg (BH)",12,0,0.92
32,"Boost DS",12,0.0869565217391304,0.84
32,"Boost MS",12,0,0.8
32,"DataSplitting",12,0,0.84
32,"MultipleDataSplitting",12,0.0454545454545455,0.84
32,"Knockoff",12,0.192307692307692,0.84
32,"Benjamini–Hochberg (BH)",12,0,0.84
33,"Boost DS",12,0,0.72
33,"Boost MS",12,0,0.8
33,"DataSplitting",12,0.0869565217391304,0.84
33,"MultipleDataSplitting",12,0,0.8
33,"Knockoff",12,0.0869565217391304,0.84
33,"Benjamini–Hochberg (BH)",12,0,0.8
34,"Boost DS",12,0,0.92
34,"Boost MS",12,0.148148148148148,0.92
34,"DataSplitting",12,0.0416666666666667,0.92
34,"MultipleDataSplitting",12,0,0.92
34,"Knockoff",12,0.115384615384615,0.92
34,"Benjamini–Hochberg (BH)",12,0,0.92
35,"Boost DS",12,0.193548387096774,1
35,"Boost MS",12,0,0.96
35,"DataSplitting",12,0.21875,1
35,"MultipleDataSplitting",12,0.0384615384615385,1
35,"Knockoff",12,0.0384615384615385,1
35,"Benjamini–Hochberg (BH)",12,0,1
36,"Boost DS",12,0.08,0.92
36,"Boost MS",12,0,0.88
36,"DataSplitting",12,0,0.96
36,"MultipleDataSplitting",12,0,0.92
36,"Knockoff",12,0.111111111111111,0.96
36,"Benjamini–Hochberg (BH)",12,0,0.92
37,"Boost DS",12,0.0833333333333333,0.88
37,"Boost MS",12,0,0.92
37,"DataSplitting",12,0.111111111111111,0.96
37,"MultipleDataSplitting",12,0.0416666666666667,0.92
37,"Knockoff",12,0.111111111111111,0.96
37,"Benjamini–Hochberg (BH)",12,0,0.92
38,"Boost DS",12,0.130434782608696,0.8
38,"Boost MS",12,0.0869565217391304,0.84
38,"DataSplitting",12,0.0434782608695652,0.88
38,"MultipleDataSplitting",12,0.0434782608695652,0.88
38,"Knockoff",12,0.12,0.88
38,"Benjamini–Hochberg (BH)",12,0,0.88
39,"Boost DS",12,0.2,0.8
39,"Boost MS",12,0,0.88
39,"DataSplitting",12,0.0434782608695652,0.88
39,"MultipleDataSplitting",12,0.0434782608695652,0.88
39,"Knockoff",12,0.0833333333333333,0.88
39,"Benjamini–Hochberg (BH)",12,0,0.88
40,"Boost DS",12,0.125,0.84
40,"Boost MS",12,0,0.84
40,"DataSplitting",12,0,0.84
40,"MultipleDataSplitting",12,0,0.84
40,"Knockoff",12,0,0.88
40,"Benjamini–Hochberg (BH)",12,0,0.84
41,"Boost DS",12,0.08,0.92
41,"Boost MS",12,0,0.92
41,"DataSplitting",12,0.08,0.92
41,"MultipleDataSplitting",12,0,0.88
41,"Knockoff",12,0,0.92
41,"Benjamini–Hochberg (BH)",12,0,0.92
42,"Boost DS",12,0,0.8
42,"Boost MS",12,0,0.76
42,"DataSplitting",12,0,0.88
42,"MultipleDataSplitting",12,0,0.84
42,"Knockoff",12,0.0434782608695652,0.88
42,"Benjamini–Hochberg (BH)",12,0,0.88
43,"Boost DS",12,0.04,0.96
43,"Boost MS",12,0,0.92
43,"DataSplitting",12,0.04,0.96
43,"MultipleDataSplitting",12,0,0.88
43,"Knockoff",12,0.04,0.96
43,"Benjamini–Hochberg (BH)",12,0,0.96
44,"Boost DS",12,0.166666666666667,0.8
44,"Boost MS",12,0,0.84
44,"DataSplitting",12,0.0869565217391304,0.84
44,"MultipleDataSplitting",12,0.0454545454545455,0.84
44,"Knockoff",12,0.0454545454545455,0.84
44,"Benjamini–Hochberg (BH)",12,0,0.84
45,"Boost DS",12,0.0434782608695652,0.88
45,"Boost MS",12,0.0434782608695652,0.88
45,"DataSplitting",12,0,0.88
45,"MultipleDataSplitting",12,0,0.88
45,"Knockoff",12,0.0416666666666667,0.92
45,"Benjamini–Hochberg (BH)",12,0,0.88
46,"Boost DS",12,0.0434782608695652,0.88
46,"Boost MS",12,0,0.88
46,"DataSplitting",12,0.115384615384615,0.92
46,"MultipleDataSplitting",12,0,0.88
46,"Knockoff",12,0,0.96
46,"Benjamini–Hochberg (BH)",12,0,0.88
47,"Boost DS",12,0.125,0.84
47,"Boost MS",12,0,0.88
47,"DataSplitting",12,0.0434782608695652,0.88
47,"MultipleDataSplitting",12,0,0.84
47,"Knockoff",12,0,0.88
47,"Benjamini–Hochberg (BH)",12,0,0.88
48,"Boost DS",12,0.28125,0.92
48,"Boost MS",12,0.0416666666666667,0.92
48,"DataSplitting",12,0.08,0.92
48,"MultipleDataSplitting",12,0,0.92
48,"Knockoff",12,0.115384615384615,0.92
48,"Benjamini–Hochberg (BH)",12,0,0.92
49,"Boost DS",12,0.130434782608696,0.8
49,"Boost MS",12,0.0434782608695652,0.88
49,"DataSplitting",12,0,0.88
49,"MultipleDataSplitting",12,0,0.88
49,"Knockoff",12,0.0434782608695652,0.88
49,"Benjamini–Hochberg (BH)",12,0,0.88
50,"Boost DS",12,0.0434782608695652,0.88
50,"Boost MS",12,0.04,0.96
50,"DataSplitting",12,0.04,0.96
50,"MultipleDataSplitting",12,0,0.96
50,"Knockoff",12,0.04,0.96
50,"Benjamini–Hochberg (BH)",12,0,0.96
1,"Boost DS",13,0.08,0.92
1,"Boost MS",13,0,0.92
1,"DataSplitting",13,0.115384615384615,0.92
1,"MultipleDataSplitting",13,0,0.92
1,"Knockoff",13,0.178571428571429,0.92
1,"Benjamini–Hochberg (BH)",13,0,0.92
2,"Boost DS",13,0,0.76
2,"Boost MS",13,0,0.8
2,"DataSplitting",13,0,0.88
2,"MultipleDataSplitting",13,0.12,0.88
2,"Knockoff",13,0.115384615384615,0.92
2,"Benjamini–Hochberg (BH)",13,0,0.88
3,"Boost DS",13,0.153846153846154,0.88
3,"Boost MS",13,0.115384615384615,0.92
3,"DataSplitting",13,0.115384615384615,0.92
3,"MultipleDataSplitting",13,0,0.92
3,"Knockoff",13,0.0416666666666667,0.92
3,"Benjamini–Hochberg (BH)",13,0,0.92
4,"Boost DS",13,0.115384615384615,0.92
4,"Boost MS",13,0,0.92
4,"DataSplitting",13,0.0416666666666667,0.92
4,"MultipleDataSplitting",13,0,0.92
4,"Knockoff",13,0.0416666666666667,0.92
4,"Benjamini–Hochberg (BH)",13,0,0.92
5,"Boost DS",13,0.0476190476190476,0.8
5,"Boost MS",13,0,0.8
5,"DataSplitting",13,0.0869565217391304,0.84
5,"MultipleDataSplitting",13,0,0.8
5,"Knockoff",13,0,0.8
5,"Benjamini–Hochberg (BH)",13,0,0.8
6,"Boost DS",13,0.12,0.88
6,"Boost MS",13,0,0.88
6,"DataSplitting",13,0,0.88
6,"MultipleDataSplitting",13,0,0.88
6,"Knockoff",13,0.0434782608695652,0.88
6,"Benjamini–Hochberg (BH)",13,0,0.88
7,"Boost DS",13,0,0.8
7,"Boost MS",13,0,0.76
7,"DataSplitting",13,0.0909090909090909,0.8
7,"MultipleDataSplitting",13,0,0.84
7,"Knockoff",13,0.0454545454545455,0.84
7,"Benjamini–Hochberg (BH)",13,0,0.84
8,"Boost DS",13,0.0434782608695652,0.88
8,"Boost MS",13,0,0.88
8,"DataSplitting",13,0.25,0.96
8,"MultipleDataSplitting",13,0,0.88
8,"Knockoff",13,0.115384615384615,0.92
8,"Benjamini–Hochberg (BH)",13,0,0.88
9,"Boost DS",13,0.0909090909090909,0.8
9,"Boost MS",13,0,0.84
9,"DataSplitting",13,0.0416666666666667,0.92
9,"MultipleDataSplitting",13,0,0.92
9,"Knockoff",13,0,0.92
9,"Benjamini–Hochberg (BH)",13,0,0.88
10,"Boost DS",13,0.0769230769230769,0.96
10,"Boost MS",13,0,0.92
10,"DataSplitting",13,0.04,0.96
10,"MultipleDataSplitting",13,0,0.96
10,"Knockoff",13,0.166666666666667,1
10,"Benjamini–Hochberg (BH)",13,0,0.96
11,"Boost DS",13,0.0454545454545455,0.84
11,"Boost MS",13,0,0.84
11,"DataSplitting",13,0,0.88
11,"MultipleDataSplitting",13,0.0434782608695652,0.88
11,"Knockoff",13,0.178571428571429,0.92
11,"Benjamini–Hochberg (BH)",13,0,0.88
12,"Boost DS",13,0,0.68
12,"Boost MS",13,0,0.76
12,"DataSplitting",13,0,0.76
12,"MultipleDataSplitting",13,0,0.72
12,"Knockoff",13,0.0952380952380952,0.76
12,"Benjamini–Hochberg (BH)",13,0,0.76
13,"Boost DS",13,0.04,0.96
13,"Boost MS",13,0.0384615384615385,1
13,"DataSplitting",13,0.0740740740740741,1
13,"MultipleDataSplitting",13,0,0.92
13,"Knockoff",13,0.0384615384615385,1
13,"Benjamini–Hochberg (BH)",13,0,1
14,"Boost DS",13,0.272727272727273,0.96
14,"Boost MS",13,0.2,0.96
14,"DataSplitting",13,0,0.96
14,"MultipleDataSplitting",13,0,0.96
14,"Knockoff",13,0.04,0.96
14,"Benjamini–Hochberg (BH)",13,0,0.96
15,"Boost DS",13,0,0.96
15,"Boost MS",13,0,0.96
15,"DataSplitting",13,0.04,0.96
15,"MultipleDataSplitting",13,0,0.92
15,"Knockoff",13,0,0.96
15,"Benjamini–Hochberg (BH)",13,0,0.96
16,"Boost DS",13,0.172413793103448,0.96
16,"Boost MS",13,0.172413793103448,0.96
16,"DataSplitting",13,0.2,0.96
16,"MultipleDataSplitting",13,0.04,0.96
16,"Knockoff",13,0.04,0.96
16,"Benjamini–Hochberg (BH)",13,0,0.96
17,"Boost DS",13,0.08,0.92
17,"Boost MS",13,0,0.92
17,"DataSplitting",13,0,0.92
17,"MultipleDataSplitting",13,0.115384615384615,0.92
17,"Knockoff",13,0.0416666666666667,0.92
17,"Benjamini–Hochberg (BH)",13,0,0.92
18,"Boost DS",13,0,0.8
18,"Boost MS",13,0.0833333333333333,0.88
18,"DataSplitting",13,0.0416666666666667,0.92
18,"MultipleDataSplitting",13,0,0.92
18,"Knockoff",13,0,0.92
18,"Benjamini–Hochberg (BH)",13,0,0.88
19,"Boost DS",13,0.08,0.92
19,"Boost MS",13,0,0.96
19,"DataSplitting",13,0.111111111111111,0.96
19,"MultipleDataSplitting",13,0,0.96
19,"Knockoff",13,0.04,0.96
19,"Benjamini–Hochberg (BH)",13,0.04,0.96
20,"Boost DS",13,0.12,0.88
20,"Boost MS",13,0,0.88
20,"DataSplitting",13,0.0416666666666667,0.92
20,"MultipleDataSplitting",13,0,0.88
20,"Knockoff",13,0.08,0.92
20,"Benjamini–Hochberg (BH)",13,0,0.92
21,"Boost DS",13,0.25,0.96
21,"Boost MS",13,0.333333333333333,0.96
21,"DataSplitting",13,0.04,0.96
21,"MultipleDataSplitting",13,0.0769230769230769,0.96
21,"Knockoff",13,0.0769230769230769,0.96
21,"Benjamini–Hochberg (BH)",13,0,0.96
22,"Boost DS",13,0.0833333333333333,0.88
22,"Boost MS",13,0,0.8
22,"DataSplitting",13,0.2,0.96
22,"MultipleDataSplitting",13,0.0769230769230769,0.96
22,"Knockoff",13,0,0.96
22,"Benjamini–Hochberg (BH)",13,0,0.88
23,"Boost DS",13,0,0.76
23,"Boost MS",13,0,0.8
23,"DataSplitting",13,0.125,0.84
23,"MultipleDataSplitting",13,0,0.84
23,"Knockoff",13,0.0869565217391304,0.84
23,"Benjamini–Hochberg (BH)",13,0,0.84
24,"Boost DS",13,0.233333333333333,0.92
24,"Boost MS",13,0,0.88
24,"DataSplitting",13,0.0769230769230769,0.96
24,"MultipleDataSplitting",13,0.115384615384615,0.92
24,"Knockoff",13,0.115384615384615,0.92
24,"Benjamini–Hochberg (BH)",13,0,0.92
25,"Boost DS",13,0.05,0.76
25,"Boost MS",13,0.0454545454545455,0.84
25,"DataSplitting",13,0.115384615384615,0.92
25,"MultipleDataSplitting",13,0,0.84
25,"Knockoff",13,0.0454545454545455,0.84
25,"Benjamini–Hochberg (BH)",13,0,0.84
26,"Boost DS",13,0.192307692307692,0.84
26,"Boost MS",13,0,0.84
26,"DataSplitting",13,0.0833333333333333,0.88
26,"MultipleDataSplitting",13,0.0833333333333333,0.88
26,"Knockoff",13,0.0833333333333333,0.88
26,"Benjamini–Hochberg (BH)",13,0,0.88
27,"Boost DS",13,0.0416666666666667,0.92
27,"Boost MS",13,0,0.92
27,"DataSplitting",13,0.111111111111111,0.96
27,"MultipleDataSplitting",13,0.0416666666666667,0.92
27,"Knockoff",13,0.0769230769230769,0.96
27,"Benjamini–Hochberg (BH)",13,0,0.96
28,"Boost DS",13,0.12,0.88
28,"Boost MS",13,0.0769230769230769,0.96
28,"DataSplitting",13,0.115384615384615,0.92
28,"MultipleDataSplitting",13,0.0416666666666667,0.92
28,"Knockoff",13,0,0.96
28,"Benjamini–Hochberg (BH)",13,0,0.92
29,"Boost DS",13,0.0833333333333333,0.88
29,"Boost MS",13,0,0.84
29,"DataSplitting",13,0,0.84
29,"MultipleDataSplitting",13,0,0.84
29,"Knockoff",13,0,0.84
29,"Benjamini–Hochberg (BH)",13,0,0.84
30,"Boost DS",13,0.153846153846154,0.88
30,"Boost MS",13,0,0.84
30,"DataSplitting",13,0.04,0.96
30,"MultipleDataSplitting",13,0.115384615384615,0.92
30,"Knockoff",13,0.225806451612903,0.96
30,"Benjamini–Hochberg (BH)",13,0,0.88
31,"Boost DS",13,0,0.88
31,"Boost MS",13,0.148148148148148,0.92
31,"DataSplitting",13,0,0.96
31,"MultipleDataSplitting",13,0,0.88
31,"Knockoff",13,0,0.96
31,"Benjamini–Hochberg (BH)",13,0,0.92
32,"Boost DS",13,0.0869565217391304,0.84
32,"Boost MS",13,0,0.8
32,"DataSplitting",13,0,0.84
32,"MultipleDataSplitting",13,0.0454545454545455,0.84
32,"Knockoff",13,0.192307692307692,0.84
32,"Benjamini–Hochberg (BH)",13,0,0.84
33,"Boost DS",13,0,0.72
33,"Boost MS",13,0,0.8
33,"DataSplitting",13,0.0869565217391304,0.84
33,"MultipleDataSplitting",13,0,0.8
33,"Knockoff",13,0.0833333333333333,0.88
33,"Benjamini–Hochberg (BH)",13,0,0.84
34,"Boost DS",13,0,0.92
34,"Boost MS",13,0.2,0.96
34,"DataSplitting",13,0.0416666666666667,0.92
34,"MultipleDataSplitting",13,0,0.92
34,"Knockoff",13,0.115384615384615,0.92
34,"Benjamini–Hochberg (BH)",13,0,0.92
35,"Boost DS",13,0.166666666666667,1
35,"Boost MS",13,0,0.96
35,"DataSplitting",13,0.166666666666667,1
35,"MultipleDataSplitting",13,0.0740740740740741,1
35,"Knockoff",13,0.0384615384615385,1
35,"Benjamini–Hochberg (BH)",13,0,1
36,"Boost DS",13,0.0416666666666667,0.92
36,"Boost MS",13,0,0.88
36,"DataSplitting",13,0,0.96
36,"MultipleDataSplitting",13,0,0.92
36,"Knockoff",13,0.111111111111111,0.96
36,"Benjamini–Hochberg (BH)",13,0,0.96
37,"Boost DS",13,0.0833333333333333,0.88
37,"Boost MS",13,0,0.96
37,"DataSplitting",13,0.111111111111111,0.96
37,"MultipleDataSplitting",13,0,0.96
37,"Knockoff",13,0.111111111111111,0.96
37,"Benjamini–Hochberg (BH)",13,0,0.96
38,"Boost DS",13,0,0.8
38,"Boost MS",13,0,0.84
38,"DataSplitting",13,0.0434782608695652,0.88
38,"MultipleDataSplitting",13,0.0434782608695652,0.88
38,"Knockoff",13,0.12,0.88
38,"Benjamini–Hochberg (BH)",13,0,0.88
39,"Boost DS",13,0.222222222222222,0.84
39,"Boost MS",13,0,0.88
39,"DataSplitting",13,0.0434782608695652,0.88
39,"MultipleDataSplitting",13,0.0434782608695652,0.88
39,"Knockoff",13,0.0833333333333333,0.88
39,"Benjamini–Hochberg (BH)",13,0,0.88
40,"Boost DS",13,0.125,0.84
40,"Boost MS",13,0,0.84
40,"DataSplitting",13,0,0.84
40,"MultipleDataSplitting",13,0,0.84
40,"Knockoff",13,0,0.88
40,"Benjamini–Hochberg (BH)",13,0,0.84
41,"Boost DS",13,0.08,0.92
41,"Boost MS",13,0,0.92
41,"DataSplitting",13,0.08,0.92
41,"MultipleDataSplitting",13,0,0.88
41,"Knockoff",13,0,0.92
41,"Benjamini–Hochberg (BH)",13,0,0.92
42,"Boost DS",13,0,0.84
42,"Boost MS",13,0,0.8
42,"DataSplitting",13,0,0.88
42,"MultipleDataSplitting",13,0,0.84
42,"Knockoff",13,0.0434782608695652,0.88
42,"Benjamini–Hochberg (BH)",13,0,0.88
43,"Boost DS",13,0.04,0.96
43,"Boost MS",13,0,0.92
43,"DataSplitting",13,0.04,0.96
43,"MultipleDataSplitting",13,0,0.92
43,"Knockoff",13,0,0.96
43,"Benjamini–Hochberg (BH)",13,0,0.96
44,"Boost DS",13,0.285714285714286,0.8
44,"Boost MS",13,0,0.84
44,"DataSplitting",13,0.0869565217391304,0.84
44,"MultipleDataSplitting",13,0.0454545454545455,0.84
44,"Knockoff",13,0.0454545454545455,0.84
44,"Benjamini–Hochberg (BH)",13,0,0.84
45,"Boost DS",13,0.0434782608695652,0.88
45,"Boost MS",13,0,0.88
45,"DataSplitting",13,0,0.92
45,"MultipleDataSplitting",13,0,0.88
45,"Knockoff",13,0.0416666666666667,0.92
45,"Benjamini–Hochberg (BH)",13,0,0.88
46,"Boost DS",13,0.0434782608695652,0.88
46,"Boost MS",13,0,0.88
46,"DataSplitting",13,0.115384615384615,0.92
46,"MultipleDataSplitting",13,0,0.88
46,"Knockoff",13,0,0.96
46,"Benjamini–Hochberg (BH)",13,0,0.88
47,"Boost DS",13,0.125,0.84
47,"Boost MS",13,0,0.88
47,"DataSplitting",13,0.0434782608695652,0.88
47,"MultipleDataSplitting",13,0,0.84
47,"Knockoff",13,0,0.88
47,"Benjamini–Hochberg (BH)",13,0,0.88
48,"Boost DS",13,0.303030303030303,0.92
48,"Boost MS",13,0.115384615384615,0.92
48,"DataSplitting",13,0.08,0.92
48,"MultipleDataSplitting",13,0,0.92
48,"Knockoff",13,0.115384615384615,0.92
48,"Benjamini–Hochberg (BH)",13,0,0.92
49,"Boost DS",13,0.125,0.84
49,"Boost MS",13,0.0434782608695652,0.88
49,"DataSplitting",13,0,0.88
49,"MultipleDataSplitting",13,0,0.88
49,"Knockoff",13,0.0434782608695652,0.88
49,"Benjamini–Hochberg (BH)",13,0,0.88
50,"Boost DS",13,0.0416666666666667,0.92
50,"Boost MS",13,0.04,0.96
50,"DataSplitting",13,0.04,0.96
50,"MultipleDataSplitting",13,0,0.96
50,"Knockoff",13,0.04,0.96
50,"Benjamini–Hochberg (BH)",13,0,0.96
